ArticleNumber;Size;Quantity
101159;36;1
139408;41;1
139408;42;1
156159;35;1
134650;S;1
156809;30;1
172757;S;1
173206;30;1
173206;31;1
173320;30;1
173320;31;1
185490;30;1
186261;32;1
186261;35;1
186261;38;1
143730;Stuck;1
108869;;1
120675;S;1
121506;M;1
121764;S;1
136743;XS;1
151455;XS;1
160309;XS;1
188186;XS;1
192452;S;1
192674;XS;1
199183;M;1
167866;XS;1
167866;S;1
129248;S;1
133456;M;1
141002;S;1
141002;M;1
146338;XS;1
146338;S;1
160009;XS;1
169017;XS;1
178516;M;1
188290;S;1
147685;S;1
150077;XS;1
151273;XS;1
161920;S;1
161920;M;1
168659;XS;1
168659;S;1
179903;XS;1
179903;L;1
180287;XS;1
184514;XS;1
184514;S;1
192714;S;1
108360;S;1
111637;XL;1
125519;M;1
136937;L;1
145316;14;1
145316;16;1
156717;S;1
165744;S;1
178147;8;1
185658;M;1
101655;XS;1
101655;S;1
101655;M;1
120418;4;1
120418;6;1
131508;S;1
131508;M;1
153155;XS;1
153155;S;1
153427;XS;1
153427;S;1
169728;XS;1
169728;S;1
175959;S;1
175959;M;1
175959;L;1
177997;XS;1
177997;S;1
177997;M;1
177997;L;1
189830;S;1
113140;S;1
113140;M;1
122795;XL;1
122912;M;1
730868;34;1
730868;36;1
730868;38;1
681795;32/34;1
123789;4;1
123789;8;1
446119;32;1
500954;18;1
126487;S;1
126487;M;1
684412;32;1
684412;34;1
684412;36;1
684412;38;1
684412;40;1
684412;42;1
684412;44;1
749345;34;1
749345;36;1
749345;38;1
749345;44;1
127284;XS;1
448565;17;1
448565;18;1
448565;19;1
448565;20;1
448565;21;1
448565;72;1
448565;80;1
127751;XL;1
127775;4;1
127775;6;1
137895;XL;1
137895;XXL;1
143215;L;1
143215;XL;1
163471;S;1
163471;M;1
184064;S;1
193160;M;1
193644;XS;1
193644;L;1
193745;M;1
100017;XS;1
103682;14;1
103682;18;1
111546;S;1
111546;M;1
111757;XS;1
117239;S;1
120543;XS;1
125651;S;1
150309;M;1
150309;L;1
156765;S;1
194419;S;1
194419;M;1
197739;XL;1
123625;XS;1
123625;S;1
123815;S;1
123815;M;1
124728;XL;1
126358;S;1
126358;M;1
129828;XS;1
129828;S;1
141094;XS;1
141094;S;1
141094;M;1
141094;L;1
147061;XS;1
147061;S;1
156974;S;1
156974;M;1
158421;S;1
162010;S;1
162010;M;1
163421;XS;1
163421;S;1
165101;S;1
168548;XS;1
168548;S;1
168571;S;1
169347;S;1
170109;S;1
171327;XS;1
171327;S;1
178054;XS;1
178054;S;1
178291;S;1
178478;XS;1
178478;S;1
184318;S;1
184318;M;1
185418;S;1
185418;M;1
188627;XS;1
188627;S;1
191559;S;1
191559;M;1
192209;L;1
192209;XL;1
198764;S;1
198764;M;1
199325;S;1
199325;M;1
101200;S;1
109794;XS;1
111059;S;1
111059;M;1
111166;XS;1
111166;S;1
114578;XS;1
114578;S;1
114578;M;1
115665;S;1
115665;M;1
116310;S;1
116323;S;1
117842;XS;1
117842;S;1
119277;S;1
120523;S;1
120818;S;1
133126;XS;1
133126;S;1
138642;S;1
148710;XS;1
148710;M;1
153311;XS;1
157065;S;1
167502;L;1
168984;XS;1
168984;S;1
170675;S;1
179476;XS;1
191160;S;1
192377;L;1
192377;XL;1
102083;XS;1
102083;M;1
110487;XS;1
111127;XS;1
111127;S;1
111138;XS;1
116001;XS;1
117640;XS;1
120640;S;1
121732;S;1
122330;XS;1
122330;S;1
124046;M;1
124633;XS;1
140685;M;1
143010;S;1
145143;S;1
146295;XS;1
147301;S;1
149916;S;1
151896;L;1
153407;L;1
162093;XS;1
162093;S;1
168500;XS;1
168500;S;1
180630;XS;1
189699;XL;1
189699;XXL;1
191722;XS;1
196593;XS;1
198689;XS;1
198689;S;1
121275;S;1
121275;M;1
126464;XS;1
126464;S;1
126464;M;1
133158;XS;1
133158;S;1
133158;M;1
146997;XS;1
146997;S;1
151139;XS;1
151139;S;1
151139;M;1
157358;XS;1
157358;S;1
157366;XS;1
157366;S;1
158860;XS;1
158860;S;1
158860;M;1
164386;S;1
164386;M;1
175933;S;1
175933;M;1
188119;S;1
198710;M;1
112760;XS;1
112760;S;1
115833;XS;1
115833;S;1
115871;XS;1
119909;M;1
119909;L;1
122421;XS;1
122421;S;1
187066;XS;1
159740;XS;1
159740;S;1
159740;M;1
160401;S;1
168433;M;1
175217;34;1
175217;40;1
184771;4;1
192492;4;1
194193;XS;1
195004;4;1
195004;16;1
108084;S;1
108084;M;1
117805;XS;1
117805;S;1
117805;M;1
117816;XS;1
117816;S;1
119192;4;1
119192;6;1
119192;12;1
119192;18;1
119192;20;1
142960;XS;1
142960;S;1
142960;M;1
142960;L;1
158547;XS;1
158547;S;1
160740;XS;1
160740;S;1
160740;M;1
176514;XS;1
176514;S;1
176514;M;1
176514;L;1
176728;4;1
176728;6;1
176728;12;1
176728;16;1
176728;18;1
177991;6;1
177991;16;1
177991;18;1
179737;4;1
179737;6;1
179737;8;1
179737;10;1
179737;12;1
179737;14;1
179737;16;1
179737;18;1
110132;6;1
110132;8;1
110132;14;1
110299;6;1
110299;8;1
117305;4;1
117305;10;1
117834;XS;1
117834;S;1
117972;4;1
117972;6;1
117972;12;1
117972;14;1
118895;8;1
118895;10;1
118895;14;1
118895;16;1
119432;6;1
119432;8;1
119432;10;1
119432;18;1
119432;20;1
121797;4;1
121797;6;1
121797;8;1
138505;6;1
138505;8;1
138505;10;1
152731;M;1
157340;XS;1
157340;S;1
164994;XS;1
164994;M;1
172616;XS;1
173838;XS;1
173838;M;1
173838;L;1
176274;XS;1
176274;S;1
176961;XS;1
176961;XL;1
177045;XS;1
179551;XS;1
179551;S;1
179551;M;1
191475;4;1
191475;6;1
198991;34;1
198991;38;1
105586;M;1
105586;L;1
105586;XL;1
106883;L;1
111819;XS;1
111819;M;1
119479;M;1
119479;XL;1
121530;6;1
121530;8;1
123013;XS;1
123013;S;1
147720;XS;1
157347;XS;1
160301;S;1
164607;XS;1
175157;M;1
176218;XS;1
104945;4;1
104945;6;1
121966;4;1
135475;XS;1
150994;XS;1
150994;M;1
156718;M;1
158456;4;1
158570;S;1
104354;4;1
104354;6;1
104354;8;1
106008;12;1
106008;14;1
106416;2;1
106416;6;1
106416;8;1
106416;10;1
106416;16;1
107981;4;1
107981;6;1
107997;4;1
107997;6;1
108002;4;1
108002;8;1
108002;12;1
110991;6;1
110991;8;1
112772;2;1
112772;4;1
112772;8;1
112772;14;1
113083;6;1
113083;10;1
113083;12;1
119367;4;1
119367;6;1
119367;8;1
120846;4;1
120846;6;1
120846;8;1
121064;6;1
121064;8;1
123984;4;1
123984;6;1
123984;8;1
123984;10;1
128805;6;1
128805;8;1
129974;4;1
129974;6;1
136336;12;1
136336;18;1
154673;4;1
154673;6;1
154673;18;1
163227;10;1
163227;12;1
163227;14;1
163227;16;1
164131;40;1
164131;42;1
165857;4;1
165857;6;1
165857;8;1
165857;12;1
165857;14;1
165981;6;1
165981;8;1
165981;10;1
167466;4;1
167466;6;1
167794;6;1
167794;16;1
167794;18;1
167954;4;1
167954;6;1
167954;8;1
167954;18;1
167954;20;1
170319;4;1
170319;6;1
170319;8;1
170319;10;1
170319;12;1
172342;2;1
172342;4;1
172342;6;1
172342;8;1
172342;10;1
174064;4;1
174064;6;1
174064;8;1
174202;8;1
174202;10;1
174202;14;1
175704;4;1
175704;6;1
175704;8;1
176900;6;1
176900;10;1
180163;6;1
180163;10;1
180163;16;1
189532;4;1
189532;6;1
192663;10;1
192663;20;1
196497;4;1
196497;6;1
196497;8;1
106169;6;1
106169;8;1
106169;12;1
106216;8;1
106216;12;1
106216;14;1
106216;20;1
114090;6;1
114090;8;1
115249;14;1
131426;4;1
131426;6;1
143130;14;1
154769;4;1
154769;6;1
154769;20;1
154817;4;1
154817;16;1
154817;18;1
154817;20;1
159232;6;1
159232;10;1
163137;4;1
163137;18;1
165755;4;1
165755;6;1
167127;6;1
167127;14;1
172137;6;1
172137;14;1
174224;6;1
174224;8;1
174224;18;1
174224;20;1
177142;6;1
177142;8;1
194562;4;1
194562;8;1
194562;20;1
104414;6;1
104414;8;1
111692;6;1
111692;8;1
111692;16;1
111692;20;1
119378;4;1
119378;12;1
138952;8;1
138952;18;1
192273;8;1
100951;42;1
100951;44;1
100951;46;1
102778;4;1
102778;6;1
102778;8;1
102778;10;1
102778;12;1
103681;4;1
103681;6;1
110347;4;1
110347;8;1
110347;10;1
110347;12;1
113858;4;1
113858;6;1
119794;4;1
119794;6;1
119794;8;1
119794;10;1
121109;6;1
121109;8;1
129881;4;1
129881;6;1
129881;8;1
131189;4;1
131189;6;1
131189;8;1
131379;2;1
131379;4;1
131379;6;1
156751;4;1
156751;6;1
159266;2;1
159266;4;1
159266;8;1
159266;10;1
159466;2;1
159466;4;1
159466;6;1
159466;8;1
159466;10;1
159466;12;1
159466;14;1
159466;16;1
159615;2;1
159615;4;1
159615;8;1
163274;12;1
163274;16;1
169825;6;1
169825;8;1
169825;10;1
169825;14;1
169825;16;1
170782;2;1
170782;4;1
170782;6;1
170782;8;1
170782;10;1
170782;16;1
171807;8;1
171807;10;1
174665;6;1
174665;8;1
174665;10;1
174665;12;1
174665;14;1
174665;20;1
175378;2;1
175378;4;1
175378;6;1
175378;8;1
175378;10;1
179018;4;1
179018;6;1
196219;34;1
100502;2;1
100502;4;1
102848;12;1
102848;14;1
239399;36;1
250505;41;1
155156;36;1
155156;38;1
848480;164/170;1
743473;37;1
447067;XXL;1
839467;37;1
481464;41;1
91814;35;1
91814;36;1
91814;38;1
91814;40;1
91814;41;1
184931;36;1
184931;38;1
184931;40;1
184931;41;1
195880;36;1
195880;38;1
195880;39;1
195880;40;1
195880;41;1
2107;35;1
2107;36;1
2107;38;1
2107;39;1
2107;40;1
2107;42;1
2107;43;1
22590;37;1
22590;38;1
22590;39;1
22590;40;1
22590;41;1
24405;35;1
24405;36;1
24405;37;1
24405;38;1
24405;39;1
24405;40;1
24405;41;1
30198;36;1
30198;38;1
30198;39;1
30198;40;1
30198;41;1
30198;42;1
30883;35;1
30883;36;1
30883;37;1
30883;38;1
30883;39;1
30883;40;1
30883;41;1
32745;35;1
32745;36;1
32745;38;1
32745;39;1
32745;40;1
32745;41;1
35859;35;1
35859;38;1
35859;39;1
836300;41;1
836300;42;1
467569;36;1
467569;38;1
467569;39;1
467569;40;1
467569;41;1
467569;42;1
641614;36;1
641614;37;1
641614;38;1
641614;39;1
641614;40;1
641614;41;1
30567;35;1
30567;36;1
30567;38;1
30567;40;1
5783;36;1
5783;37;1
5783;38;1
5783;39;1
5783;41;1
10626;35;1
10626;37;1
10626;38;1
10626;39;1
10626;40;1
10626;42;1
36576;37;1
36576;38;1
36576;39;1
36576;41;1
36576;42;1
53177;35;1
53177;36;1
53177;37;1
53177;38;1
53177;40;1
53177;41;1
53177;42;1
31337;37;1
31337;38;1
31337;41;1
42281;35;1
42281;36;1
710049;39;1
710049;40;1
17414;38;1
17414;39;1
17414;40;1
17414;41;1
25616;40;1
28259;37;1
28259;38;1
28259;39;1
37518;35;1
37518;36;1
37518;37;1
37518;40;1
37518;41;1
37518;42;1
89286;35;1
89286;36;1
89286;38;1
89286;39;1
9298;36;1
9298;38;1
24423;35;1
24423;36;1
24423;37;1
24423;38;1
24423;39;1
24423;40;1
24423;41;1
12676;37;1
12676;38;1
12676;39;1
54030;37;1
54030;38;1
54030;39;1
54030;40;1
54030;41;1
54030;36;1
224958;36;1
5778;35;1
5778;38;1
5778;39;1
568142;37;1
568142;38;1
568142;39;1
568142;40;1
568142;41;1
305010;38;1
305010;39;1
305010;40;1
305010;41;1
393016;36;1
393016;37;1
393016;38;1
393016;39;1
393016;40;1
393016;41;1
828390;36;1
828390;37;1
828390;38;1
828390;39;1
828390;40;1
828390;41;1
49707;38;1
49707;39;1
49707;40;1
12995;;1
21190;40;1
51165;38;1
84423;43;1
147898;38;1
238597;40;1
333363;36;1
36886;43;1
496794;36;1
59537;42;1
677641;;1
69415;36;1
69415;42;1
70646;36;1
232546;36;1
26727;36;1
26727;42;1
30136;38;1
34313;35;1
55629;36;1
558284;;1
68302;40;1
115341;36;1
16530;40;1
410737;37;1
410737;38;1
410737;39;1
410737;40;1
410737;41;1
632367;42;1
632367;36;1
632367;37;1
632367;38;1
632367;39;1
632367;40;1
632367;41;1
41146;42;1
93217;41;1
10092;35;1
10092;36;1
10092;37;1
10092;38;1
10092;39;1
10092;40;1
10092;41;1
276519;39;1
276519;40;1
632359;36;1
632359;37;1
632359;38;1
632359;39;1
130580;41;1
35349;37;1
35349;38;1
35349;40;1
834984;36;1
834984;39;1
834984;40;1
834984;41;1
834984;42;1
234903;35;1
234903;36;1
234903;38;1
234903;39;1
234903;40;1
234903;41;1
25611;35;1
25611;36;1
25611;37;1
25611;38;1
25611;39;1
25611;40;1
25611;41;1
267214;36;1
45706;37;1
45706;38;1
45706;39;1
45706;40;1
45706;41;1
45706;42;1
476185;36;1
476185;37;1
476185;38;1
476185;39;1
476185;40;1
57398;37;1
57398;38;1
57398;39;1
57398;40;1
57398;42;1
70964;36;1
70964;37;1
70964;39;1
70964;40;1
70964;42;1
92985;35;1
92985;36;1
92985;37;1
92985;38;1
92985;39;1
92985;40;1
92985;41;1
22620;37;1
22620;38;1
22620;39;1
22620;40;1
22620;41;1
22620;36;1
56307;35;1
56307;36;1
56307;37;1
56307;38;1
56307;39;1
56307;40;1
56307;41;1
75180;35;1
75180;36;1
75180;37;1
75180;38;1
75180;39;1
75180;40;1
75180;41;1
28907;35;1
28907;36;1
28907;38;1
28907;39;1
28907;40;1
28907;41;1
28907;42;1
10754;38;1
10754;39;1
12582;41;1
12582;42;1
12582;35;1
12582;36;1
12582;40;1
16786;35;1
16786;36;1
16786;37;1
16786;38;1
16786;39;1
16786;40;1
16786;41;1
255756;39;1
255756;40;1
271995;37;1
271995;40;1
27717;38;1
27717;39;1
27717;41;1
28542;35;1
28542;37;1
28542;39;1
38151;40;1
38151;41;1
38151;42;1
38151;43;1
51107;36;1
51107;40;1
53623;37;1
53623;40;1
61788;35;1
61788;36;1
66286;36;1
66286;37;1
66286;39;1
66286;40;1
66286;41;1
66949;39;1
66949;40;1
66949;41;1
66949;42;1
816552;36;1
816552;38;1
816552;39;1
816552;40;1
840949;41;1
840949;42;1
892379;40;1
892379;41;1
788089;188;1
476841;176/182;1
592877;176/182;1
445558;164/170;1
559130;128/134;1
559130;140/146;1
559130;152/;1
559387;128/134;1
559387;140/146;1
559387;152/;1
720405;164/170;1
152537;140/146;1
152537;152/158;1
152537;176/;1
309116;140/146;1
309116;152/158;1
419594;164;1
419594;170;1
163119;152/158;1
521753;92/98;1
521753;176/182;1
892335;92/98;1
892335;104/110;1
892335;164/17;1
445953;152/158;1
445953;164/170;1
445953;176/;1
451530;152/158;1
451530;164/170;1
451530;176/;1
721264;80/86;1
786821;164/170;1
786821;176/182;1
786821;188;1
409201;140/146;1
409201;152/158;1
450168;176/182;1
629478;128/134;1
629478;164/170;1
629478;176/;1
409095;152/158;1
445461;176/182;1
450057;164/170;1
450057;176/182;1
536381;1;1
554511;45/46;1
671036;35/36;1
841599;35/36;1
741988;;1
746456;170;1
746456;176;1
849187;;1
718331;158;1
718331;164;1
718331;170;1
718331;176;1
718331;182;1
872493;152;1
872493;158;1
872493;164;1
872493;182;1
303075;38;1
742079;134;1
742079;140;1
742079;146;1
742079;152;1
742079;;1
742079;128;1
872485;92;1
872485;98;1
872485;104;1
872485;110;1
872485;116;1
872485;12;1
841628;35/36;1
841628;37/38;1
841628;39/40;1
841628;41;1
413317;164;1
413317;170;1
413317;176;1
413317;182;1
872492;128;1
872492;134;1
872492;140;1
872492;146;1
872492;152;1
872492;;1
464282;39/40;1
464282;45/46;1
539139;92/98;1
746533;92;1
350628;152;1
350628;158;1
350628;164;1
350628;170;1
350628;182;1
841741;35/36;1
841741;37/38;1
843801;35/36;1
843801;37/38;1
843801;39/40;1
843814;35/36;1
843814;37/38;1
843814;39/40;1
339711;128/134;1
787133;176/182;1
787133;188;1
560959;110;1
560959;116;1
560959;122;1
566848;104;1
566848;116;1
566848;122;1
843979;35/36;1
843979;37/38;1
554481;35/36;1
554481;37/38;1
401639;35/36;1
401639;37/38;1
110216;152/158;1
433488;35/36;1
841224;35/36;1
793710;35/36;1
793710;37/38;1
793714;35/36;1
793714;37/38;1
464190;39/40;1
691272;188;1
846374;35/36;1
809370;92;1
888030;158;1
888030;170;1
888030;176;1
815930;92;1
815930;98;1
815930;104;1
815930;110;1
875030;92;1
875030;98;1
689102;140;1
809556;170;1
743824;Stuck;1
550160;2;1
655010;3;1
450242;3;1
880024;6;1
879932;4;1
879932;5;1
879932;6;1
879932;7;1
879932;9;1
880029;4;1
880029;5;1
880029;6;1
879943;4;1
880099;4;1
504391;4;1
444204;;1
586678;L;1
801871;XS;1
801871;S;1
533132;XS;1
533132;S;1
533132;M;1
533132;L;1
533132;XL;1
533132;XXL;1
533132;FIVE;1
444139;XS;1
444139;S;1
584241;XS;1
429497;XS;1
429497;S;1
673872;XS;1
662302;M;1
662302;L;1
662302;XL;1
662302;XXL;1
662302;XXXL;1
662302;S;1
801609;XS;1
801609;S;1
537862;M;1
670060;XS;1
242396;XXL;1
242396;S;1
242396;M;1
242396;L;1
232327;XS;1
232327;S;1
232327;M;1
232327;L;1
232327;XL;1
232327;FOURXL;1
674506;XS;1
532359;XS;1
532359;S;1
199733;XS;1
287481;S;1
287481;XL;1
298489;S;1
495526;S;1
680901;XS;1
603483;XS;1
666968;L;1
675691;XS;1
511049;S;1
447813;XS;1
667887;XS;1
670846;40/42;1
670846;44/46;1
670846;48/50;1
624965;S;1
624965;M;1
624965;L;1
624965;XXL;1
624965;XS;1
405376;XS;1
405376;S;1
398071;40/42;1
624913;XS;1
624913;S;1
671477;XS;1
671477;S;1
619647;XS;1
619647;S;1
619647;L;1
838913;30;1
801749;33;1
685135;31;1
854788;31;1
806864;34;1
604137;94;1
674231;32;1
674231;33;1
674231;34;1
674231;36;1
674231;38;1
804511;27;1
804511;28;1
715636;30;1
869765;30;1
783122;31;1
804580;50;1
804580;52;1
512958;32;1
521975;29;1
521975;30;1
521975;31;1
521975;32;1
623544;30;1
623544;31;1
623544;32;1
623544;33;1
461994;94;1
461994;106;1
221653;30;1
221653;31;1
371982;30;1
371982;31;1
508173;26;1
508173;28;1
765945;98;1
765945;102;1
828984;24;1
828984;25;1
828984;28;1
828984;29;1
584123;44;1
297936;25;1
297936;26;1
320770;S;1
320770;M;1
562677;Stuck;1
436154;24;1
436154;25;1
436154;26;1
436154;27;1
436154;28;1
436154;29;1
436154;30;1
445238;XS;1
445238;S;1
445238;M;1
445238;L;1
445238;XL;1
445238;XXL;1
445238;XXXL;1
685925;XS;1
669742;S;1
669742;M;1
669742;L;1
669742;XL;1
669742;XXXL;1
296693;88;1
296693;90;1
296693;98;1
547820;XS;1
547820;S;1
235878;S;1
235878;M;1
235878;L;1
235878;XXL;1
328602;XS;1
152521;;1
721456;31;1
741707;30;1
824583;38;1
410158;46;1
366107;XS;1
366107;S;1
427737;94;1
427737;106;1
624136;33;1
624136;34;1
624136;30;1
624177;30;1
825223;38;1
259285;27;1
259285;28;1
259285;29;1
259285;24;1
259285;25;1
259285;26;1
192869;29;1
192869;30;1
205293;30;1
205293;34;1
803532;30;1
298750;30;1
298750;31;1
298750;32;1
804136;30;1
804136;31;1
804136;32;1
603026;48;1
603026;52;1
339215;29;1
339215;30;1
593263;32;1
217194;52;1
217194;62;1
170155;29;1
499998;29;1
499998;30;1
499998;31;1
499998;32;1
499998;36;1
823487;98;1
823487;106;1
562177;30;1
562177;31;1
562177;32;1
562177;38;1
294931;98;1
294931;90;1
294931;94;1
864264;98;1
295229;88;1
295229;90;1
295229;94;1
295229;98;1
295229;102;1
295229;106;1
296423;48;1
296423;50;1
296423;52;1
296423;44;1
296423;46;1
532235;S;1
204391;S;1
295218;88;1
295218;90;1
295218;94;1
295218;106;1
295218;110;1
669899;XS;1
669899;L;1
690452;26;1
690452;30;1
821930;27;1
821930;28;1
821930;29;1
821930;30;1
821930;24;1
821930;25;1
821930;26;1
428419;35/36;1
428419;37/38;1
203167;XS;1
203167;S;1
670217;XS;1
237623;26;1
237623;27;1
237623;88;1
237623;98;1
237623;102;1
295246;24;1
295246;25;1
673920;S;1
767860;S;1
787221;88;1
787221;90;1
787221;94;1
787221;102;1
746552;S;1
555721;35/36;1
555721;37/38;1
555721;39/40;1
555721;45;1
585362;XS;1
585362;S;1
585362;M;1
295448;44;1
295456;94;1
295456;88;1
295456;90;1
467823;XS;1
547209;XS;1
547209;S;1
787656;S;1
845673;29;1
670375;XS;1
670375;S;1
199992;XS;1
669747;XS;1
669747;M;1
763679;XS;1
378305;40/42;1
378305;44/46;1
378305;36/38;1
291872;36;1
291872;38;1
291872;40;1
291872;42;1
291872;44;1
204530;36/38;1
204530;40/42;1
204530;44/46;1
116427;36/38;1
17687;34;1
17687;40;1
727801;17;1
727801;18;1
727801;19;1
727801;20;1
727801;21;1
727801;72;1
727801;76;1
361177;;1
34651;34;1
34651;36;1
169705;40;1
169705;42;1
393919;32/34;1
662391;42;1
662391;44;1
662391;46;1
662391;48;1
67258;34;1
67258;36;1
67258;38;1
814785;48/50;1
814785;52/54;1
675127;32/34;1
675127;36/38;1
804581;32/34;1
804581;36/38;1
849297;36;1
849297;38;1
40711;34;1
40711;36;1
40711;38;1
40711;40;1
43126;34;1
43126;36;1
43126;38;1
78459;46;1
78459;36;1
78459;40;1
78459;42;1
78459;44;1
82839;36;1
82839;38;1
88254;36;1
88254;38;1
15567;36;1
15567;38;1
15567;40;1
15567;42;1
101205;34;1
101205;36;1
154204;32/34;1
154204;36/38;1
2152;38;1
2152;42;1
35221;34;1
35221;38;1
375766;32/34;1
375766;36/38;1
416273;40;1
416273;42;1
416273;44;1
678542;32;1
69286;34;1
69286;36;1
69286;40;1
707303;32;1
807707;32;1
807707;34;1
817757;32/34;1
848975;32;1
848975;34;1
848975;36;1
861463;34;1
861463;36;1
97193;34;1
294671;40;1
294671;44;1
3665;34;1
3665;36;1
529059;34;1
529059;36;1
529059;38;1
529059;40;1
529059;44;1
712215;36/38;1
199986;40/42;1
410338;32/34;1
410338;36/38;1
428310;32/34;1
428310;36/38;1
472481;36;1
472481;38;1
472481;40;1
19922;34;1
19922;36;1
19922;42;1
117352;34;1
117352;42;1
121929;38;1
121929;40;1
121929;44;1
121929;46;1
604826;32/34;1
2065;36;1
249971;32/34;1
249971;36/38;1
6107;34;1
790218;32;1
722615;36;1
722615;38;1
269850;34;1
269850;36;1
269850;38;1
269850;40;1
380998;32;1
380998;36;1
380998;38;1
859201;32;1
859201;40;1
95301;38;1
95301;40;1
95301;36;1
120122;36/38;1
120122;40/42;1
120122;44/46;1
21213;34;1
21213;36;1
21213;38;1
21213;40;1
21213;42;1
21213;44;1
289131;44;1
289131;46;1
289131;34;1
289131;36;1
289131;38;1
289131;40;1
289131;42;1
32909;34;1
32909;36;1
32909;38;1
32909;42;1
35096;34;1
35096;40;1
35096;42;1
396534;40/42;1
396534;44/46;1
409002;40;1
409002;38;1
410309;36/38;1
427776;36;1
427776;38;1
428398;34;1
428398;36;1
428398;38;1
428398;40;1
428398;42;1
45568;36;1
45568;38;1
45568;40;1
45568;42;1
45568;44;1
45568;46;1
501043;32;1
501043;34;1
501043;36;1
501043;38;1
545934;44/46;1
545934;48/50;1
56683;40;1
56683;44;1
593483;34;1
593483;36;1
593483;38;1
593483;40;1
600720;36;1
600720;38;1
600720;40;1
651531;34;1
651531;36;1
658420;44;1
658420;46;1
658420;36;1
658420;38;1
658420;40;1
658420;42;1
6702;36;1
6702;38;1
6702;40;1
6702;42;1
675129;32/34;1
675129;36/38;1
684217;34;1
684217;36;1
69058;38;1
69058;40;1
69058;42;1
69058;44;1
69058;46;1
758443;34;1
758443;36;1
758443;38;1
764184;34;1
764184;36;1
764184;38;1
764184;40;1
803478;32/34;1
803478;36/38;1
841510;40;1
841510;34;1
841510;38;1
863707;36;1
863707;40;1
863707;42;1
863707;44;1
863707;46;1
865245;32/34;1
405243;40;1
634038;36/38;1
671876;32;1
671876;34;1
671876;36;1
671876;38;1
29773;34;1
29773;36;1
29773;38;1
29773;40;1
29773;42;1
44485;34;1
44485;36;1
526025;34;1
526025;36;1
85670;34;1
85670;36;1
85670;38;1
85670;40;1
85670;42;1
85670;44;1
3090008;40;1
3090008;42;1
3796;34;1
3796;36;1
3796;38;1
529418;40/42;1
529418;44/46;1
549135;40/42;1
549135;44/46;1
549135;48/50;1
549135;52;1
609210;32/34;1
709411;34;1
709411;36;1
709411;38;1
736100;40/42;1
736100;44/46;1
736100;48/50;1
736100;56;1
752880;40/42;1
752880;44/46;1
752880;48/50;1
832838;36;1
832838;40;1
832838;42;1
832838;44;1
236563;32/34;1
236563;36/38;1
602100;34;1
602100;36;1
602100;38;1
760368;36/38;1
760368;40/42;1
40720;36;1
40720;38;1
40720;40;1
40720;42;1
40720;34;1
463475;40;1
463475;34;1
463475;36;1
463475;38;1
466925;40;1
466925;42;1
466925;34;1
466925;36;1
466925;38;1
50504;42;1
50504;44;1
50504;46;1
50504;34;1
50504;36;1
50504;38;1
50504;40;1
509512;36;1
509512;38;1
509512;40;1
509512;34;1
520613;32;1
520613;34;1
520613;36;1
520613;38;1
520613;40;1
531277;42;1
531277;44;1
531277;34;1
531277;36;1
531277;38;1
531277;40;1
608968;32/34;1
608968;36/38;1
616813;48/50;1
616813;40/42;1
616813;44/46;1
620841;40;1
620841;34;1
620841;36;1
620841;38;1
661419;44;1
661419;46;1
661419;48;1
661419;52;1
661419;40;1
661419;42;1
689091;32/34;1
689091;36/38;1
689091;40/42;1
694795;32/34;1
701909;40;1
701909;42;1
701909;44;1
701909;32;1
701909;34;1
701909;38;1
77920;34;1
77920;36;1
77920;38;1
77920;40;1
77920;42;1
796232;32;1
796232;34;1
796232;36;1
796232;38;1
830846;32;1
830846;34;1
830846;36;1
830846;38;1
852667;32/34;1
852667;36/38;1
852667;40/42;1
425754;L;1
53812;36;1
53812;38;1
53812;40;1
53812;42;1
552513;44;1
552513;46;1
552513;34;1
552513;40;1
552513;42;1
668771;46;1
8357;40;1
8357;42;1
8357;44;1
8357;46;1
35050;34;1
35050;36;1
35050;38;1
35050;40;1
35050;42;1
35050;44;1
35050;46;1
44449;34;1
44449;36;1
44449;38;1
44449;40;1
47021;34;1
47021;36;1
47021;38;1
47021;40;1
47021;42;1
47021;46;1
47593;34;1
47593;36;1
47593;38;1
47593;40;1
47593;42;1
590117;40/42;1
590117;44/46;1
590117;48/50;1
667274;34;1
667274;36;1
667274;38;1
667274;40;1
766655;36/38;1
636046;32;1
636046;34;1
636046;36;1
636046;38;1
466794;32/34;1
466794;36/38;1
466794;40/42;1
466794;44;1
672449;32;1
672449;34;1
672449;36;1
672449;38;1
672449;40;1
672449;42;1
672449;44;1
3090009;36;1
3090009;38;1
3090009;40;1
3090009;42;1
3090027;38;1
3090027;40;1
3090027;42;1
68930;42;1
68930;34;1
68930;36;1
68930;38;1
68930;40;1
34741;34;1
34741;36;1
34741;38;1
34741;40;1
34741;42;1
434529;34;1
434529;36;1
434529;38;1
434529;40;1
475182;40/42;1
767568;38;1
767568;40;1
767568;32;1
767568;34;1
767568;36;1
253144;34;1
253144;36;1
253144;38;1
253144;40;1
253144;42;1
253144;46;1
270748;32/34;1
343284;36/38;1
343284;40/42;1
343284;44/46;1
343284;48;1
520243;32/34;1
520243;36/38;1
520243;40/42;1
609120;32/34;1
609120;36/38;1
403937;32/34;1
403937;36/38;1
403937;40/42;1
403937;44;1
785290;32;1
785290;34;1
785290;36;1
785290;38;1
874295;34;1
874295;38;1
874295;40;1
874295;42;1
874295;46;1
359217;34;1
359217;36;1
359217;38;1
359217;40;1
359217;42;1
707753;36;1
707753;42;1
707753;32;1
707753;34;1
497157;36;1
497157;38;1
497157;40;1
497157;42;1
497157;44;1
520513;32/34;1
520513;36/38;1
520513;40/42;1
520513;44;1
536675;38;1
536675;32;1
536675;34;1
536675;36;1
587929;36;1
587929;38;1
587929;40;1
587929;46;1
59055;38;1
59055;40;1
59055;42;1
59055;44;1
59055;34;1
59055;36;1
646005;44;1
646005;46;1
646005;48;1
646005;50;1
646005;52;1
70100;36;1
70100;38;1
70100;40;1
70100;42;1
70100;44;1
70100;46;1
72837;36;1
72837;38;1
72837;40;1
72837;42;1
72837;44;1
772226;46;1
772226;34;1
772226;36;1
772226;38;1
772226;40;1
772226;42;1
772226;44;1
781927;44;1
781927;34;1
781927;36;1
781927;38;1
781927;40;1
785204;34;1
785204;36;1
785204;38;1
785204;40;1
785204;46;1
85383;34;1
85383;36;1
85383;38;1
85383;40;1
86584;36;1
86584;38;1
86584;40;1
86584;44;1
86584;34;1
203326;36;1
203326;38;1
203326;40;1
203326;42;1
203326;44;1
203326;32;1
203326;34;1
24563;46;1
24563;34;1
24563;36;1
24563;38;1
24563;40;1
24563;42;1
24563;44;1
29775;34;1
29775;36;1
29775;38;1
29775;40;1
29775;42;1
29775;44;1
29775;46;1
330844;32/34;1
330844;36/38;1
41264;34;1
41264;36;1
41264;38;1
41264;40;1
41264;42;1
429266;48/50;1
429266;52;1
429266;40/42;1
429266;44/46;1
5413;34;1
5413;36;1
5413;38;1
5413;40;1
610565;32;1
610565;34;1
610565;36;1
610565;38;1
700155;32/34;1
700155;36/38;1
700155;40/42;1
700155;44;1
70501;34;1
70501;36;1
70501;38;1
70501;40;1
802470;32/34;1
802470;36/38;1
802470;40/42;1
802470;44;1
148591;36;1
148591;38;1
148591;40;1
5786;34;1
5786;36;1
5786;38;1
5786;40;1
672249;32;1
672249;34;1
672249;36;1
672249;38;1
156357;34;1
156357;36;1
156357;38;1
161981;36;1
161981;38;1
161981;40;1
161981;42;1
161981;44;1
161981;46;1
23945;36;1
23945;38;1
23945;40;1
31490;34;1
31490;36/38;1
31490;40/42;1
31490;44/46;1
35471;36;1
35471;38;1
35471;40;1
35471;42;1
47403;34;1
47403;36;1
47403;38;1
47403;40;1
47403;42;1
624983;34;1
624983;36;1
624983;38;1
624983;40;1
624983;42;1
624983;44;1
7710;34;1
7710;36;1
7710;38;1
7710;40;1
90894;34;1
90894;36;1
90894;38;1
90894;40;1
90894;42;1
90894;44;1
199650;42;1
199650;44;1
199650;48;1
199650;52;1
3093512;36;1
3093512;38;1
3093512;40;1
3093512;42;1
507848;46;1
507848;50;1
507848;34;1
507848;36;1
507848;38;1
507848;40;1
507848;44;1
772833;36;1
772833;38;1
772833;40;1
699929;34;1
699929;36;1
699929;38;1
699929;40;1
812706;48/50;1
812706;40/42;1
812706;44/46;1
837931;40/42;1
837931;48/50;1
837931;52/54;1
837931;56;1
137725;34;1
137725;36;1
137725;38;1
256548;42;1
256548;44;1
256548;32;1
256548;34;1
256548;36;1
256548;38;1
256548;40;1
391618;32/34;1
391618;36/38;1
425166;34;1
425166;36;1
425166;38;1
425166;40;1
425166;42;1
425166;44;1
425166;46;1
675103;32;1
680381;XS;1
685272;32/34;1
685343;32/34;1
700385;48/50;1
718286;38;1
804272;32/34;1
850436;32;1
91718;36;1
91718;38;1
93185;38;1
24694;42;1
593487;36/38;1
593487;44/46;1
680402;;1
7598;40;1
816006;42;1
816006;44;1
453713;M;1
208008;46;1
208008;34;1
208008;36;1
208008;40;1
208008;42;1
208008;44;1
46716;42;1
46716;44;1
46716;46;1
46716;38;1
46716;40;1
246375;42;1
246375;44;1
246375;46;1
246375;48;1
246375;50;1
246375;52;1
246375;40;1
390278;50;1
390278;40;1
390278;42;1
390278;44;1
390278;46;1
390278;48;1
415724;44;1
415724;46;1
415724;48;1
415724;50;1
415724;52;1
415724;54;1
415724;56;1
583195;40;1
583195;42;1
583195;46;1
583195;48;1
583195;50;1
583195;54;1
446425;44;1
446425;46;1
446425;48;1
446425;50;1
642593;32;1
642593;34;1
642593;36;1
642593;38;1
642593;40;1
725488;32/34;1
725488;36/38;1
410843;32/34;1
410843;36/38;1
430267;;1
663248;36;1
663248;38;1
827814;34;1
77739;46;1
77739;34;1
77739;36;1
77739;38;1
77739;42;1
77739;44;1
93453;36;1
93453;38;1
93453;40;1
93453;42;1
93453;44;1
93453;46;1
93453;34;1
10032;42;1
10032;44;1
10032;46;1
145640;36;1
145640;38;1
145640;40;1
16451;34;1
16451;36;1
16451;38;1
16451;40;1
16451;42;1
16451;44;1
16451;46;1
318617;40;1
318617;42;1
318617;44;1
318617;46;1
318617;48;1
318617;50;1
375781;40/42;1
375781;32/34;1
375781;36/38;1
403875;44/46;1
403875;48/50;1
410958;32;1
410958;34;1
410958;36;1
410958;38;1
410958;44;1
410958;48;1
410958;50;1
419274;50;1
419274;52;1
419274;54;1
419274;40;1
419274;42;1
419274;44;1
419274;46;1
420094;32;1
420094;34;1
420094;36;1
423095;48/50;1
4347;34;1
4347;36;1
4347;38;1
4347;40;1
4347;42;1
4347;44;1
43663;34;1
43663;36;1
43663;38;1
43663;40;1
43663;42;1
43663;44;1
4617;36;1
4617;38;1
4617;40;1
4617;42;1
470147;32;1
470147;34;1
470147;36;1
470147;38;1
470147;40;1
470147;42;1
658336;40/42;1
658336;44/46;1
658336;48/50;1
658336;52;1
702493;42;1
702493;44;1
702493;34;1
702493;36;1
702493;38;1
702493;40;1
71362;38;1
71362;40;1
71362;42;1
71362;44;1
71362;46;1
71362;34;1
71362;36;1
74781;44;1
74781;34;1
74781;36;1
74781;38;1
74781;40;1
82983;38;1
82983;40;1
82983;42;1
82983;44;1
82983;34;1
82983;36;1
203679;;1
381506;40;1
395222;36;1
43157;44;1
522219;34;1
554195;34;1
606187;36/38;1
671654;44;1
679695;L;1
715744;;1
7159;44;1
760647;42;1
827653;;1
832392;32;1
134038;40/42;1
219510;32;1
219510;34;1
219510;36;1
219510;38;1
219510;40;1
219510;42;1
219510;44;1
117410;36;1
139179;32/34;1
17413;38;1
18384;34;1
190177;42;1
190177;44;1
238815;36/38;1
255278;36;1
256775;32/34;1
289296;32/34;1
298915;34;1
33138;34;1
383037;36;1
434727;40/42;1
43971;;1
448603;40;1
4829;36;1
604880;32/34;1
609401;32/34;1
6247;34;1
641230;38;1
672123;34;1
9859;44;1
9859;34;1
9859;36;1
9859;38;1
9859;40;1
9859;42;1
219537;36;1
219537;38;1
522808;40;1
522808;42;1
633168;36/38;1
782738;34;1
99165;38;1
108831;34;1
108831;36;1
108831;38;1
108831;40;1
108831;44;1
108831;46;1
69490;34;1
69490;36;1
69490;38;1
69490;40;1
69490;42;1
827121;34;1
827121;36;1
827121;38;1
827121;40;1
827121;42;1
19236;44;1
19236;46;1
19236;34;1
19236;36;1
19236;38;1
19236;40;1
19236;42;1
390582;34;1
390582;36;1
390582;38;1
390582;40;1
390582;42;1
390582;44;1
398422;42;1
398422;44;1
398422;34;1
398422;36;1
398422;38;1
398422;40;1
424283;40;1
424283;44;1
424283;48;1
424283;52;1
424283;56;1
581408;40/42;1
581408;44/46;1
581408;48/50;1
581408;52;1
632764;36;1
632764;38;1
632764;40;1
632764;42;1
632764;32;1
632764;34;1
691373;32/34;1
691373;36/38;1
691373;40/42;1
691373;44;1
151836;34;1
151836;36;1
151836;38;1
151836;32;1
215523;32/34;1
215523;36/38;1
215523;40/42;1
461815;42;1
461815;44;1
461815;32;1
461815;34;1
461815;36;1
461815;38;1
461815;40;1
470721;36;1
470721;38;1
470721;40;1
470721;42;1
470721;32;1
470721;34;1
569902;36/38;1
569902;32/34;1
610645;32;1
610645;34;1
610645;36;1
610645;38;1
588781;34;1
711083;M;1
711083;L;1
711083;XS;1
711083;S;1
154498;36;1
154498;40;1
470890;;1
537901;;1
732884;40/42;1
80618;46;1
144588;;1
46095;34;1
46095;36;1
46095;38;1
46095;40;1
850052;46;1
850052;40;1
850052;42;1
850052;44;1
138885;36/38;1
14568;34;1
14568;36;1
14568;38;1
184033;40;1
184033;42;1
184033;44;1
184033;34;1
184033;36;1
184033;38;1
185209;34;1
185209;40;1
2350;34;1
2350;36;1
2350;38;1
2350;40;1
28313;34;1
28313;36;1
28313;38;1
28313;40;1
28313;42;1
28313;44;1
28313;46;1
287697;46;1
296794;40/42;1
296794;44/46;1
31702;46;1
31702;34;1
31702;36;1
31702;38;1
31702;42;1
31702;44;1
31949;40;1
31949;42;1
31949;44;1
31949;34;1
31949;36;1
31949;38;1
325968;36;1
325968;38;1
325968;40;1
325968;42;1
325968;44;1
325968;46;1
33330;34;1
33330;36;1
33330;38;1
33330;40;1
33330;42;1
35192;34;1
35192;36;1
35192;38;1
35192;40;1
35192;42;1
35192;44;1
358393;38;1
358393;32;1
358393;34;1
358393;36;1
384688;34;1
384688;36;1
384688;38;1
384688;40;1
384688;42;1
404838;44/46;1
44455;36;1
44455;38;1
44455;40;1
44455;42;1
46321;40;1
46321;36;1
46321;38;1
425392;40;1
425392;32;1
425392;34;1
425392;36;1
425392;38;1
501187;32;1
501187;34;1
501187;36;1
501187;38;1
501187;40;1
612893;40/42;1
612893;44/46;1
612893;48/50;1
612893;52;1
672307;32;1
672307;36;1
672307;40;1
672307;44;1
851275;32;1
851275;34;1
851275;36;1
851275;38;1
851275;40;1
851275;42;1
119410;44;1
119410;46;1
119410;34;1
119410;36;1
119410;38;1
119410;40;1
119410;42;1
460049;34;1
460049;36;1
460049;38;1
460049;40;1
460049;42;1
460049;44;1
460049;46;1
59441;34;1
59441;36;1
59441;38;1
59441;40;1
59441;42;1
59441;44;1
59441;46;1
664227;32/34;1
664227;36/38;1
664227;40/42;1
664227;44;1
9601;34;1
9601;36;1
9601;38;1
9601;40;1
9601;42;1
9601;44;1
9601;46;1
543756;;1
503296;L;1
503296;XL;1
713499;36;1
713499;38;1
841750;36/38;1
841750;40/42;1
18616;38;1
18616;46;1
18616;34;1
18616;36;1
188347;42;1
188347;44;1
188347;34;1
188347;36;1
188347;38;1
188347;40;1
23773;40;1
23773;42;1
23773;34;1
23773;36;1
259737;32/34;1
259737;36/38;1
3482;34;1
3482;36;1
3482;38;1
366681;42;1
366681;34;1
366681;36;1
366681;38;1
366681;40;1
367107;38;1
367107;40;1
37805;36;1
37805;38;1
37805;40;1
391637;38;1
391637;40;1
4302;38;1
4302;34;1
4302;36;1
425778;40;1
425778;42;1
425778;32;1
425778;34;1
425778;36;1
425778;38;1
44523;36;1
44523;38;1
44523;40;1
44523;42;1
44523;44;1
44523;46;1
513809;36;1
513809;38;1
513809;40;1
5359;44;1
5359;46;1
5359;34;1
566588;42;1
566588;44;1
60210;34;1
60210;36;1
60210;40;1
579672;36/38;1
623661;34;1
623661;36;1
623661;38;1
635931;32;1
635931;34;1
635931;36;1
635931;38;1
68951;44;1
68951;36;1
68951;38;1
68951;40;1
68951;42;1
706023;42;1
706023;46;1
706023;48;1
744571;44/46;1
813490;38;1
813490;40;1
813490;42;1
81436;34;1
81436;36;1
81436;38;1
894179;40/42;1
894179;44/46;1
93707;38;1
121387;36;1
121387;32;1
121387;34;1
19237;42;1
19237;34;1
19237;36;1
19237;38;1
19237;40;1
235024;44/46;1
235024;48/50;1
235024;52/54;1
24273;36;1
24273;38;1
24273;40;1
24273;42;1
24273;44;1
24273;46;1
24273;34;1
159228;32;1
159228;34;1
34717;36;1
34717;38;1
34717;40;1
34717;44;1
34717;46;1
34717;34;1
360055;40;1
360055;42;1
360055;44;1
360055;34;1
360055;36;1
360055;38;1
36371;34;1
36371;36;1
36371;38;1
36371;40;1
36371;44;1
36371;46;1
384255;34;1
384255;36;1
384255;38;1
384255;40;1
734572;48/50;1
734572;52/54;1
734572;44/46;1
90148;46;1
90148;34;1
90148;36;1
90148;38;1
90148;40;1
90148;42;1
90148;44;1
146119;42;1
146119;44;1
146119;32;1
146119;34;1
146119;36;1
146119;38;1
146119;40;1
149356;36;1
149356;38;1
149356;40;1
149356;42;1
196739;34;1
196739;36;1
196739;38;1
196739;42;1
196739;44;1
253543;40;1
253543;42;1
253543;44;1
253543;46;1
253543;48;1
253543;50;1
253543;52;1
289192;40/42;1
289192;44/46;1
289192;48/50;1
289192;52;1
316662;52;1
316662;40;1
316662;42;1
316662;44;1
316662;46;1
316662;48;1
316662;50;1
470544;44;1
470544;32/34;1
470544;36/38;1
470544;40/42;1
709286;44/46;1
709286;48/50;1
709286;52;1
709286;40/42;1
784115;40/42;1
784115;44/46;1
784115;48/50;1
784115;52;1
86781;34;1
86781;36;1
86781;38;1
86781;40;1
86781;42;1
199344;42;1
282505;42;1
282505;32;1
282505;34;1
282505;38;1
49435;36;1
714487;44/46;1
150793;34;1
150793;38;1
150793;40;1
150793;46;1
15868;34;1
15868;36;1
15868;38;1
15868;42;1
15868;44;1
195234;46;1
235618;44/46;1
249111;36;1
249111;38;1
27533;34;1
27533;46;1
305749;40/42;1
35609;38;1
35609;40;1
380368;34;1
380368;42;1
41845;40;1
446423;42;1
446423;46;1
485184;32/34;1
4949;34;1
4949;36;1
4949;38;1
537760;32/34;1
58548;34;1
58548;36;1
58548;38;1
625853;34;1
64117;38;1
64117;40;1
651074;32;1
651074;34;1
651074;36;1
67025;36;1
69201;36;1
694896;32;1
694896;34;1
72924;36;1
72924;38;1
72924;40;1
72924;44;1
72924;46;1
74505;38;1
74505;34;1
74505;36;1
745945;M;1
810477;44;1
848981;34;1
612630;;1
862548;XS;1
445820;40/42;1
676083;32/34;1
544209;M;1
544209;L;1
544209;XL;1
544209;XS;1
544209;S;1
35910;42;1
35910;44;1
35910;46;1
35910;34;1
35910;36;1
35910;38;1
35910;40;1
569385;44/46;1
125771;34;1
146098;;1
44745;38;1
44745;40;1
44745;36;1
420471;40;1
420471;42;1
420471;44;1
4779;42;1
4779;44;1
4779;34;1
4779;36;1
4779;38;1
4779;40;1
306935;46;1
306935;40;1
306935;42;1
306935;44;1
308140;40/42;1
308140;44/46;1
308140;48/50;1
308140;52;1
446307;34;1
446307;36;1
446307;38;1
446307;40;1
446307;42;1
446307;44;1
446307;46;1
676290;50;1
676290;52;1
676290;40;1
676290;42;1
676290;44;1
676290;46;1
676290;48;1
682209;48/50;1
682209;40/42;1
682209;44/46;1
133907;36;1
165818;42;1
165818;44;1
372081;32;1
372081;46;1
376570;32;1
376570;34;1
376570;40;1
379988;40;1
45045;44;1
500826;32;1
500826;36;1
500826;38;1
5444;40;1
550471;32;1
608328;32/34;1
7708;36;1
801550;40/42;1
8352;34;1
8352;36;1
872947;50;1
94918;42;1
192170;38;1
192170;40;1
192170;42;1
295272;34;1
295272;36;1
427851;34;1
427851;36;1
427851;38;1
453544;40/42;1
453544;44;1
453544;32/34;1
453544;36/38;1
514029;32;1
514029;34;1
533151;40/42;1
533151;44/46;1
57302;34;1
57302;36;1
57302;38;1
57302;44;1
619542;48/50;1
619542;52/54;1
619542;56/58;1
681787;32;1
685083;32/34;1
685083;36/38;1
685083;40/42;1
686383;32/34;1
689266;36/38;1
700492;36/38;1
709297;34;1
709297;38;1
817078;36/38;1
823212;40;1
823212;42;1
823212;38;1
854404;36/38;1
868188;XL;1
868188;XXL;1
793654;S;1
374012;S;1
374012;M;1
374012;L;1
374012;XL;1
23711;Stuck;1
2699;Stuck;1
556281;Stuck;1
43172;17;1
43172;18;1
43172;19;1
43172;20;1
56989;46;1
56989;34;1
56989;36;1
56989;38;1
56989;40;1
56989;42;1
56989;44;1
8812;44;1
8812;46;1
8812;36;1
8812;38;1
8812;40;1
8812;42;1
119396;38;1
119396;40;1
119396;42;1
119396;44;1
119396;46;1
119396;34;1
119396;36;1
20967;36;1
20967;38;1
20967;40;1
20967;42;1
20967;44;1
20967;46;1
20967;34;1
419919;34;1
419919;36;1
419919;40;1
53154;46;1
53154;34;1
53154;36;1
53154;38;1
53154;40;1
53154;42;1
53154;44;1
53393;36;1
53393;38;1
53393;40;1
53393;42;1
53393;44;1
53393;46;1
53393;34;1
85172;44;1
85172;46;1
85172;34;1
85172;36;1
85172;38;1
85172;40;1
85172;42;1
86444;46;1
86444;40;1
86444;42;1
86444;44;1
630230;36;1
630230;38;1
630230;44;1
630230;46;1
600064;17;1
600064;18;1
600064;19;1
600064;21;1
546313;;1
445857;34;1
445857;36;1
445857;38;1
445857;40;1
445857;48;1
445857;50;1
115290;40;1
115290;42;1
115290;44;1
115290;46;1
115290;38;1
738897;34;1
738897;36;1
738897;38;1
738897;40;1
738897;44;1
132507;34;1
132507;36;1
132507;38;1
2646;34;1
2646;36;1
2646;46;1
7918;46;1
7918;36;1
7918;40;1
7918;42;1
7918;44;1
87073;34/36;1
87073;38/40;1
96018;44;1
96018;38;1
96018;40;1
96122;38;1
144780;40;1
144780;38;1
213392;40;1
213392;42;1
213392;44;1
213392;46;1
213392;34;1
213392;36;1
213392;38;1
36953;34;1
36953;36;1
36953;38;1
36953;40;1
36953;44;1
43455;34;1
43455;36;1
43455;38;1
43455;40;1
43455;42;1
5935;46;1
5935;34;1
653497;46;1
653497;38;1
653497;40;1
653497;42;1
653497;44;1
9811;34;1
9811;36;1
9811;38;1
9811;40;1
34949;44;1
34949;46;1
34949;34;1
34949;40;1
34949;42;1
37606;42;1
37606;34;1
37606;36;1
37606;40;1
524963;48;1
524963;50;1
524963;52;1
524963;58;1
71037;34;1
71037;36;1
71037;38;1
71037;40;1
71037;42;1
203795;34;1
203795;38;1
203795;40;1
120125;46;1
120125;34;1
120125;36;1
120125;38;1
120125;40;1
120125;42;1
120125;44;1
34216;36;1
34216;38;1
34216;40;1
34216;42;1
34216;46;1
393314;36;1
393314;32;1
393314;34;1
620002;44;1
762366;38;1
762366;40;1
725202;42;1
11851;34;1
573386;32;1
573386;38;1
573386;40;1
573386;42;1
573386;44;1
573386;46;1
653506;40;1
653506;44;1
624070;34;1
624070;36;1
624070;38;1
624070;40;1
624070;42;1
13194;44;1
13194;36;1
13194;40;1
28965;20;1
833589;M;1
17882;42;1
17882;44;1
17882;46;1
17882;34;1
17882;36;1
17882;38;1
17882;40;1
319729;;1
193391;40;1
193391;42;1
70437;34;1
70437;36;1
70437;38;1
70437;40;1
70437;42;1
70437;44;1
70437;46;1
40453;36;1
40453;38;1
40453;40;1
40453;42;1
40453;44;1
40453;46;1
147701;36;1
147701;38;1
147701;40;1
147701;42;1
147701;44;1
147701;32;1
147701;34;1
229978;44;1
229978;46;1
229978;34;1
229978;36;1
229978;38;1
229978;40;1
229978;42;1
600069;23;1
600069;17;1
600069;18;1
600069;19;1
600069;20;1
600069;21;1
600069;22;1
33179;40;1
33179;42;1
33179;44;1
33179;46;1
33179;36;1
33179;38;1
6086;36;1
6086;38;1
6086;40;1
6086;42;1
6086;44;1
6086;46;1
283050;34;1
283050;36;1
454564;46;1
99287;34;1
610966;32;1
610966;34;1
610966;36;1
610966;38;1
610966;40;1
610966;42;1
610966;44;1
611054;36;1
611054;38;1
611054;40;1
611054;42;1
611054;44;1
611054;32;1
611054;34;1
687532;20;1
687532;21;1
687532;22;1
687532;16;1
687532;17;1
687532;18;1
687532;19;1
792763;40;1
792763;42;1
792763;44;1
792763;32;1
792763;34;1
792763;36;1
792763;38;1
811425;32;1
811425;34;1
811425;36;1
811425;38;1
811425;40;1
816975;34;1
816975;36;1
816975;38;1
816975;40;1
816975;42;1
816975;44;1
197858;40;1
197858;42;1
197858;44;1
197858;34;1
197858;36;1
197858;38;1
382893;42;1
382893;44;1
382893;32;1
382893;34;1
382893;36;1
382893;38;1
382893;40;1
89117;34;1
59364;44;1
59364;46;1
407812;38;1
407812;40;1
446075;36;1
446075;38;1
446075;40;1
446075;32;1
446075;34;1
4767;36;1
4767;38;1
4767;40;1
4767;42;1
4767;44;1
4767;46;1
72423;46;1
72423;36;1
72423;38;1
72423;40;1
72423;42;1
72423;44;1
685213;36;1
685213;38;1
685213;40;1
685213;42;1
685213;44;1
685213;32;1
685213;34;1
106372;40;1
106372;44;1
106372;46;1
87990;44;1
87990;46;1
87990;36;1
87990;38;1
87990;40;1
87990;42;1
395627;42;1
395627;44;1
395627;32;1
395627;34;1
395627;36;1
395627;38;1
395627;40;1
44966;44;1
44966;46;1
44966;34;1
44966;36;1
44966;38;1
44966;40;1
44966;42;1
624745;50;1
624745;52;1
624745;40;1
624745;42;1
624745;44;1
624745;46;1
624745;48;1
411639;32;1
411639;34;1
411639;36;1
411639;38;1
411639;40;1
411639;42;1
411639;44;1
210733;46;1
210733;34;1
210733;36;1
210733;38;1
210733;40;1
210733;42;1
210733;44;1
636585;34;1
636585;38;1
636585;40;1
636585;42;1
636585;32;1
260546;50;1
260546;52;1
260546;54;1
260546;40;1
260546;44;1
260546;46;1
260546;48;1
131223;34;1
131223;36/38;1
275827;38;1
516816;32/34;1
516816;36/38;1
621482;36/38;1
788108;36/38;1
788108;32/34;1
446943;36/38;1
471730;32/34;1
471730;36/38;1
664213;36/38;1
664213;40/42;1
650298;36;1
650298;38;1
650298;42;1
732391;44/46;1
732391;52/54;1
732391;56/58;1
759880;48/50;1
762470;36/38;1
762470;44/46;1
762470;48/50;1
77593;38;1
77593;42;1
77593;44;1
77593;46;1
789119;40;1
789119;42;1
789119;36;1
789119;38;1
801738;32/34;1
801738;36/38;1
252370;44;1
252370;46;1
252370;34;1
252370;36;1
252370;38;1
252370;40;1
252370;42;1
537082;32;1
696484;32/34;1
709841;32/34;1
767257;36/38;1
767257;32/34;1
873120;32/34;1
873120;36/38;1
873120;40/42;1
537840;36/38;1
537840;40/42;1
537840;44/46;1
384743;32/34;1
384743;40/42;1
621896;32/34;1
677278;32/34;1
677278;36/38;1
764738;34;1
764738;38;1
867502;36/38;1
208429;48/50;1
255882;38;1
255882;40;1
7544;34;1
7544;36;1
7544;46;1
674748;2;1
707284;44/46;1
707284;48/50;1
826860;40;1
826860;44;1
826860;34;1
826860;38;1
338642;36;1
338642;38;1
338642;40;1
338642;42;1
409286;36;1
409286;38;1
409286;48;1
518986;32/34;1
518986;36/38;1
826870;34;1
826870;36;1
826870;40;1
826870;44;1
21278;36;1
21278;38;1
21278;34;1
395608;40/42;1
395608;44/46;1
732443;40/42;1
732443;44/46;1
732443;48/50;1
732443;52;1
87493;40;1
87493;42;1
87493;44;1
485178;44/46;1
180137;38;1
180137;40;1
180137;42;1
180137;44;1
180137;46;1
180137;34;1
180137;36;1
507188;32;1
507188;34;1
507188;36;1
507188;40;1
487534;44/46;1
487534;56/58;1
589157;44/46;1
589157;32/34;1
639794;44/46;1
639794;48/50;1
794528;32/34;1
9470;38;1
9470;46;1
9470;34;1
536735;32/34;1
536735;36/38;1
536735;44/46;1
78399;36;1
78399;40;1
78399;44;1
27557;36;1
332500;44;1
332500;46;1
355768;32/34;1
355768;40/42;1
443857;36;1
443857;38;1
50704;44;1
77627;36/38;1
80287;34;1
80287;40;1
80514;36;1
9087;40;1
94476;40/42;1
94476;44/46;1
254789;46;1
254789;36;1
254789;38;1
254789;40;1
254789;42;1
254789;44;1
184258;36;1
184258;38;1
184258;40;1
184258;42;1
184258;44;1
184258;46;1
184258;34;1
10971;38;1
10971;40;1
117738;36/38;1
122418;44/46;1
125639;32/34;1
13558;36;1
144013;34;1
144013;36/38;1
153901;38;1
184274;32;1
198701;34;1
32554;34;1
41682;38;1
41682;40;1
427611;32/34;1
55836;44/46;1
651634;32/34;1
66809;34;1
669996;36/38;1
68805;38;1
68805;44;1
708682;32/34;1
76114;34;1
76114;44;1
763547;42;1
827849;32;1
827849;38;1
829049;32/34;1
85057;38;1
85057;42;1
851326;32/34;1
87797;40;1
197291;42;1
3510;36/38;1
390898;36;1
705388;32/34;1
73490;40/42;1
7933;;1
826878;40;1
21148;38;1
21148;40;1
21148;46;1
16603;38;1
16603;40;1
16603;42;1
16603;44;1
16603;46;1
648391;36/38;1
648391;40/42;1
648391;32/34;1
622337;46;1
622337;50;1
7950;36/38;1
39392;34;1
39392;36;1
39392;38;1
39392;40;1
39392;42;1
39392;44;1
39392;46;1
11939;;1
272868;34;1
34476;46;1
344884;38;1
344884;50;1
445833;32/34;1
445833;36/38;1
445833;48/50;1
555249;32/34;1
760708;36/38;1
760708;48/50;1
787904;36;1
788098;;1
86429;34;1
86429;44;1
52026;44;1
52026;46;1
52026;36;1
52026;38;1
52026;40;1
52026;42;1
11672;36;1
11672;38;1
11672;40;1
11672;42;1
11672;44;1
11672;46;1
11672;34;1
34453;40;1
34453;42;1
34453;44;1
34453;46;1
34453;34;1
34453;36;1
34453;38;1
35161;42;1
35161;34;1
35161;36;1
35161;38;1
35161;40;1
6230;38;1
6230;40;1
6230;42;1
6230;44;1
6230;34;1
6230;36;1
637769;32/34;1
637769;36/38;1
637769;40/42;1
245477;32/34;1
467281;40/42;1
796812;38;1
802535;36/38;1
851457;32/34;1
302407;36/38;1
302407;40/42;1
302407;44;1
302407;32/34;1
601595;32/34;1
601595;36/38;1
601595;40/42;1
740650;44;1
740650;32;1
740650;34;1
740650;36;1
740650;38;1
740650;40;1
740650;42;1
409850;32/34;1
780609;48/50;1
787628;32/34;1
826872;38;1
4498;40;1
788077;36/38;1
852437;32/34;1
852437;36/38;1
21396;38;1
21396;40;1
21396;42;1
21396;44;1
21396;46;1
21396;36;1
279052;M;1
279052;XS;1
279052;S;1
356849;36;1
356849;38;1
356849;32;1
356849;34;1
568686;36/38;1
568686;32/34;1
713516;34;1
713516;36;1
713516;38;1
713516;40;1
72187;42;1
72187;34;1
72187;36;1
72187;38;1
72187;40;1
139576;40/42;1
139576;44;1
139576;32/34;1
139576;36/38;1
580384;32/34;1
580384;36/38;1
580384;40/42;1
653666;32/34;1
653666;36/38;1
653666;40/42;1
99978;44;1
99978;46;1
99978;34;1
99978;36;1
99978;38;1
99978;40;1
99978;42;1
134121;46;1
134121;34;1
134121;36;1
134121;38;1
134121;40;1
134121;42;1
134121;44;1
45087;44;1
45087;34;1
45087;36;1
45087;38;1
45087;40;1
45087;42;1
46495;36;1
46495;38;1
46495;40;1
46495;42;1
47154;42;1
47154;44;1
47154;34;1
47154;36;1
47154;38;1
47154;40;1
593400;40/42;1
593400;44/46;1
593400;48/50;1
593400;52;1
96317;44;1
96317;46;1
96317;34;1
96317;36;1
96317;38;1
96317;40;1
96317;42;1
INGRID;32/34;1
INGRID;36/38;1
INGRID;40/42;1
INGRID;44;1
51885;34;1
51885;36/38;1
810121;44;1
810121;32;1
810121;36;1
810121;40;1
137022;36;1
137022;38;1
137022;40;1
137022;42;1
137022;46;1
137022;32;1
137022;34;1
441104;44;1
441104;32/34;1
441104;36/38;1
441104;40/42;1
589155;32/34;1
589155;36/38;1
589155;40/42;1
589155;44;1
652270;32/34;1
652270;36/38;1
652270;40/42;1
652270;44;1
804296;32/34;1
804296;36/38;1
804296;40/42;1
804296;44;1
40436;36;1
40436;38;1
40436;40;1
40436;42;1
40436;44;1
40436;46;1
40436;34;1
896554;32/34;1
30377;34;1
30377;40;1
30377;46;1
78801;36;1
78801;38;1
78801;40;1
78801;42;1
78801;46;1
78801;34;1
10924;36;1
10924;40;1
139217;34;1
139217;42;1
510111;36/38;1
23115;40/42;1
23115;44/46;1
31090;40;1
321325;44/46;1
321325;40/42;1
396896;36/38;1
396896;40/42;1
45603;38;1
45603;40;1
45603;42;1
61411;34;1
61411;40/42;1
61411;44/46;1
676414;40/42;1
676414;32/34;1
7403;34;1
7403;36;1
765870;40/42;1
765870;44/46;1
82555;34;1
82555;38;1
827861;44;1
827861;34;1
827861;36;1
827861;38;1
827861;40;1
827861;42;1
131871;40;1
131871;32;1
131871;36;1
149189;32;1
149189;36;1
149189;40;1
101376;36/38;1
247605;40;1
247605;42;1
247605;44;1
247605;46;1
247605;38;1
34488;36/38;1
34488;40/42;1
34488;44/46;1
359566;44;1
359566;34;1
359566;36;1
359566;38;1
359566;40;1
359566;42;1
364244;32/34;1
364244;36/38;1
374216;40/42;1
518263;32/34;1
518263;36/38;1
518263;40/42;1
518263;44;1
642386;32/34;1
661418;32/34;1
661418;36/38;1
661418;40/42;1
668882;32/34;1
668882;36/38;1
668882;40/42;1
668882;44;1
826546;40/42;1
826546;44/46;1
826546;48/50;1
826546;52;1
42649;36/38;1
42649;40/42;1
42649;44/46;1
51417;38;1
51417;42;1
51417;44;1
51417;46;1
51417;34;1
51417;36;1
686310;40/42;1
686310;32/34;1
686310;36/38;1
353231;48/50;1
353231;52;1
353231;40/42;1
353231;44/46;1
6949;44/46;1
2366;34;1
2366;36/38;1
390187;40/42;1
390187;32/34;1
390187;36/38;1
409603;32/34;1
409603;36/38;1
409603;40/42;1
542617;32/34;1
542617;36/38;1
542617;40/42;1
542617;44;1
491494;32/34;1
491494;36/38;1
491494;52/54;1
637988;32/34;1
637988;36/38;1
637988;40/42;1
643432;32/34;1
643432;36/38;1
643432;40/42;1
643432;48;1
664109;32/34;1
664109;36/38;1
664109;40/42;1
820945;36/38;1
820945;40/42;1
4520;38;1
4520;40;1
4520;42;1
4520;44;1
4520;46;1
50766;44/46;1
50766;34;1
50766;36/38;1
50766;40/42;1
3523;;1
76110;;1
19166;34;1
353351;44;1
589158;32/34;1
845451;36/38;1
117316;36/38;1
244652;48/50;1
2603;36/38;1
264549;40/42;1
264549;48/50;1
341321;36;1
341321;46;1
375608;48/50;1
389481;42;1
42765;36;1
42765;42;1
44649;38;1
44649;40;1
46519;38;1
46519;40;1
46519;42;1
46519;44;1
46519;36;1
544392;32/34;1
544392;36/38;1
60989;34;1
60989;38;1
60989;40;1
651339;32/34;1
851237;32;1
851237;34;1
851237;36;1
94489;40;1
94489;38;1
96059;36;1
386494;44/46;1
386494;48/50;1
386494;52/54;1
386494;56;1
388888;36;1
388888;38;1
795731;32/34;1
795731;36/38;1
795731;40/42;1
795891;32/34;1
795891;36/38;1
819692;32/34;1
170991;38;1
170991;40;1
170991;36;1
148169;36;1
148169;40;1
84525;36;1
84525;40;1
84525;34;1
869222;44/46;1
869222;48/50;1
623832;36/38;1
623832;40/42;1
623832;44/46;1
69934;34;1
69934;36/38;1
725093;40;1
725093;42;1
725093;44;1
76922;44;1
76922;46;1
76922;36;1
76922;40;1
254689;38;1
254689;40;1
254689;44;1
254689;46;1
254689;34;1
254689;36;1
710411;36/38;1
710411;32/34;1
795718;32/34;1
150333;42;1
150333;46;1
150333;34;1
150333;36;1
150333;38;1
150333;40;1
733342;36;1
733342;38;1
733342;40;1
733342;42;1
733342;44;1
733342;34;1
114597;34;1
114597;36;1
143836;32/34;1
162137;36/38;1
162137;40/42;1
306471;34;1
306471;36;1
306471;46;1
376045;32;1
389530;32;1
389530;36;1
46243;40;1
46243;42;1
581674;36/38;1
687825;36;1
713364;32/34;1
812585;32/34;1
95558;34;1
95558;36;1
95558;42;1
9556;40/42;1
9556;44/46;1
2629;44;1
2629;46;1
2629;34;1
2629;36;1
2629;38;1
2629;40;1
2629;42;1
374165;XS;1
374165;S;1
374165;M;1
374165;L;1
381175;4;1
381175;6;1
381175;8;1
381175;10;1
381175;12;1
381175;14;1
381175;2;1
604258;38;1
604258;46;1
604258;32;1
604258;34;1
604258;36;1
383582;6;1
383582;8;1
383582;10;1
383582;12;1
383582;14;1
383582;2;1
383582;4;1
442518;12;1
442518;14;1
442518;2;1
442518;4;1
442518;6;1
442518;8;1
442518;10;1
621932;32;1
621932;34;1
887123;44;1
887123;32;1
887123;34;1
887123;36;1
887123;38;1
887123;40;1
887123;42;1
442830;6;1
442830;8;1
442830;10;1
442830;12;1
442830;14;1
442830;2;1
442830;4;1
699352;36;1
699352;38;1
699352;32;1
699352;34;1
93864;38;1
93864;40;1
93864;42;1
93864;44;1
93864;46;1
93864;34;1
93864;36;1
189212;36;1
189212;38;1
189212;34;1
97855;38;1
97855;40;1
97855;42;1
97855;44;1
97855;46;1
97855;34;1
97855;36;1
869817;8;1
869817;12;1
869817;14;1
869817;2;1
869817;4;1
869817;6;1
898420;4;1
898420;6;1
898420;8;1
898420;10;1
898420;12;1
898420;2;1
139277;6;1
139277;8;1
139277;10;1
139277;12;1
139277;14;1
139277;2;1
139277;4;1
443652;10;1
443652;12;1
443652;14;1
443652;2;1
443652;4;1
443652;6;1
443652;8;1
5755;42;1
5755;44;1
5755;36;1
5755;38;1
5755;40;1
763830;34;1
763830;36;1
763830;38;1
763830;40;1
763830;42;1
763830;44;1
763830;32;1
116793;12;1
116793;14;1
116793;4;1
116793;6;1
116793;8;1
136096;34;1
136096;36;1
136096;38;1
136096;40;1
136096;42;1
136096;44;1
199421;36;1
199421;38;1
199421;40;1
199421;34;1
170044;S;1
170044;M;1
360452;36;1
360452;40;1
360452;44;1
360452;34;1
464654;40;1
464654;34;1
464654;36;1
850790;38;1
850790;40;1
850790;42;1
851652;42;1
851652;38;1
851652;40;1
821483;44;1
851921;34;1
851921;36;1
898357;34;1
898357;44;1
2665;36;1
2665;38;1
2665;40;1
2665;42;1
2665;44;1
2665;34;1
670896;38;1
670896;40;1
670896;34;1
670896;36;1
107024;36;1
107024;38;1
107024;44;1
107024;46;1
DS14W145;S;1
DS14W145;M;1
DS14W145;L;1
DS14W145;XS;1
DS14W184;S;1
DS14W184;M;1
DS14W184;L;1
DS14W184;XL;1
374651;8;1
374651;10;1
374651;14;1
374651;2;1
374651;4;1
374651;6;1
3869;40;1
3869;42;1
3869;44;1
3869;46;1
3869;34;1
3869;36;1
3869;38;1
415585;40;1
415585;42;1
415585;52;1
4639;36;1
4639;38;1
728207;36;1
728207;32;1
728207;34;1
850808;32;1
850808;34;1
850808;36;1
850808;38;1
850808;40;1
850808;42;1
850808;44;1
116566;34;1
116566;36;1
116566;46;1
651311;36;1
651311;42;1
651311;44;1
651311;32;1
651311;34;1
803078;46;1
803078;32;1
803078;36;1
803078;38;1
803078;40;1
803078;42;1
356696;36;1
356696;34;1
135591;46;1
870080;14;1
870080;2;1
870080;4;1
871353;4;1
557923;L;1
5347;46;1
5347;34;1
5347;36;1
5347;38;1
5347;40;1
5347;42;1
5347;44;1
170341;M;1
170341;S;1
521521;42;1
850813;34;1
58058;40;1
58058;42;1
655346;44;1
DS14W137;XL;1
DS14W307;XS;1
DS14W307;XL;1
442599;10;1
442599;12;1
442599;14;1
442599;2;1
442599;4;1
442599;6;1
442599;8;1
442657;14;1
442657;2;1
442657;4;1
442657;6;1
442657;8;1
442657;10;1
442657;12;1
29887;38;1
29887;40;1
29887;42;1
29887;44;1
29887;46;1
29887;34;1
29887;36;1
15453;34;1
37337;40;1
37337;42;1
37337;46;1
37337;38;1
133236;34;1
133236;36;1
133236;38;1
133236;40;1
23485;40;1
23485;42;1
23485;44;1
23485;46;1
23485;34;1
23485;36;1
23485;38;1
30565;38;1
30565;40;1
30565;42;1
30565;44;1
30565;46;1
30565;34;1
30565;36;1
3281;42;1
3281;44;1
3281;34;1
3281;36;1
3281;38;1
3281;40;1
4472;44;1
4472;46;1
4472;34;1
4472;36;1
4472;38;1
4472;40;1
4472;42;1
52924;44;1
52924;46;1
52924;34;1
52924;36;1
52924;38;1
52924;40;1
52924;42;1
53667;36;1
53667;38;1
53667;34;1
58941;46;1
58941;34;1
58941;36;1
58941;38;1
58941;40;1
58941;42;1
58941;44;1
6969;38;1
6969;40;1
6969;42;1
6969;44;1
6969;46;1
6969;34;1
6969;36;1
7070;40;1
7070;42;1
7070;34;1
7070;36;1
7070;38;1
96691;40;1
96691;42;1
96691;44;1
96691;34;1
96691;38;1
783678;32;1
783678;34;1
783678;36;1
783678;38;1
VIP13;40;1
VIP13;42;1
VIP13;36;1
VIP13;38;1
478839;44;1
478839;46;1
478839;48;1
478839;50;1
478839;52;1
478839;40;1
478839;42;1
104505;32;1
104505;34;1
104505;36;1
113728;42;1
113728;44;1
208549;34;1
208549;36;1
208549;38;1
208549;40;1
208549;42;1
3441;34;1
3441;36;1
3441;38;1
3441;40;1
3441;42;1
34916;40;1
34916;34;1
34916;36;1
34916;38;1
355225;44;1
355225;46;1
355225;32;1
355225;36;1
355225;38;1
355225;40;1
355225;42;1
6951;42;1
6951;44;1
6951;46;1
6951;34;1
6951;36;1
6951;38;1
6951;40;1
69908;40;1
69908;42;1
69908;44;1
69908;34;1
69908;36;1
69908;38;1
76436;34;1
76436;36;1
76436;38;1
76436;40;1
76436;42;1
767535;38;1
767535;40;1
767535;42;1
767535;32;1
8038;36;1
8038;38;1
8038;40;1
8038;42;1
8038;44;1
9839;36;1
9839;38;1
9839;40;1
9839;42;1
731290;32;1
731290;34;1
67331;36;1
67331;38;1
67331;34;1
18483;40;1
18483;42;1
18483;44;1
18483;36;1
18483;38;1
CU1155;36/38;1
CU1155;40/42;1
CU1155;44;1
CU1155;32/34;1
421148;36;1
421148;38;1
421148;40;1
421148;42;1
421148;44;1
421148;32;1
421148;34;1
6978;18;1
6978;19;1
6978;20;1
6978;21;1
6978;22;1
6978;23;1
6978;17;1
85358;;1
696260;44;1
141261;36;1
141261;38;1
3136;40;1
3136;38;1
66144;36;1
66144;38;1
66144;44;1
793678;38;1
793678;40;1
793678;42;1
793678;44;1
585579;42;1
585579;44;1
585579;32;1
585579;36;1
585579;38;1
585579;40;1
636240;38;1
636240;40;1
636240;44;1
455696;36;1
455696;44;1
455696;46;1
708376;32;1
708376;34;1
708376;38;1
888382;34;1
888382;36;1
888382;38;1
888382;42;1
888382;44;1
118876;8;1
118876;10;1
118876;12;1
118876;14;1
118876;2;1
118876;4;1
118876;6;1
23011;34;1
23011;38;1
23011;42;1
23011;44;1
23011;46;1
169665;10;1
169665;12;1
169665;14;1
169665;2;1
169665;4;1
169665;6;1
169665;8;1
17915;22;1
17915;23;1
17915;17;1
17915;18;1
17915;19;1
17915;20;1
17915;21;1
508482;18;1
508482;19;1
508482;20;1
508482;21;1
508482;22;1
508482;80;1
508482;17;1
36018;36;1
36018;38;1
36018;40;1
36018;42;1
36018;44;1
36018;46;1
36018;34;1
177462;36;1
177462;38;1
177462;34;1
37589;36;1
399336;40;1
399336;42;1
399336;48;1
281960;34;1
447744;36;1
447744;38;1
519993;38;1
519993;34;1
519993;36;1
543542;80;1
587756;20;1
587756;21;1
4113;38;1
4113;40;1
4113;42;1
4113;44;1
4113;36;1
46198;18;1
46198;20;1
46198;21;1
557985;40;1
557985;42;1
557985;44;1
817855;36;1
817855;46;1
818064;34;1
818064;36;1
818064;38;1
818064;44;1
881676;20;1
881676;76;1
881676;18;1
695184;30;1
695184;28;1
712605;17;1
712605;18;1
471321;36;1
471321;38;1
471321;40;1
471321;44;1
471321;46;1
471321;34;1
817332;34;1
817332;36;1
798875;38;1
798875;40;1
798875;42;1
798875;44;1
256872;44;1
256872;34;1
256872;38;1
256872;40;1
256872;42;1
46196;36;1
501455;16;1
519244;42;1
519244;44;1
519244;46;1
6136;42;1
6136;44;1
6136;46;1
6136;34;1
6136;36;1
6136;38;1
96418;19;1
96418;21;1
96418;22;1
96418;23;1
506325;36;1
506325;38;1
506325;40;1
506325;44;1
409760;36;1
409760;38;1
409760;40;1
409760;46;1
424169;17;1
816653;18;1
816653;20;1
816653;80;1
816653;88;1
520056;38;1
520056;40;1
520056;46;1
520056;32;1
520056;34;1
520056;36;1
601996;38;1
601996;40;1
291497;92;1
291497;21;1
291497;23;1
291497;24;1
291497;25;1
291497;88;1
562133;48;1
562133;40;1
642365;34;1
677746;17;1
677746;72;1
807842;17;1
510057;17;1
510057;18;1
510057;88;1
34798;36;1
155044;36;1
155044;38;1
155044;40;1
155044;44;1
155044;34;1
7591;20;1
7591;21;1
7591;22;1
424838;42;1
424838;46;1
424838;34;1
424838;36;1
424838;38;1
424838;40;1
710073;72;1
710073;16;1
710073;17;1
710073;18;1
710073;19;1
710073;20;1
710073;21;1
12973;;1
326865;36;1
326865;42;1
326865;44;1
697177;30;1
718112;34;1
805074;32;1
805074;34;1
712726;28;1
712726;29;1
712726;30;1
712726;31;1
712726;32;1
712726;26;1
712726;27;1
70386;;1
817867;34;1
819980;17;1
819980;18;1
819980;76;1
510214;17;1
8287;42;1
8287;46;1
205797;54;1
205797;56;1
205797;42;1
205797;46;1
205797;48;1
205797;50;1
205797;52;1
141899;34;1
141899;38;1
265424;17;1
425038;36;1
425038;46;1
607168;42;1
607168;44;1
607168;46;1
607168;40;1
206771;25;1
206771;88;1
206771;92;1
206771;21;1
206771;22;1
206771;23;1
206771;24;1
292308;19;1
292308;20;1
886051;44;1
886051;32;1
886051;34;1
886051;36;1
886051;38;1
886051;40;1
886051;42;1
610143;40;1
610143;42;1
610143;44;1
610143;32;1
610143;34;1
610143;36;1
610143;38;1
823768;17;1
823768;19;1
823768;21;1
22549;18;1
22549;19;1
22549;20;1
22549;21;1
22549;22;1
22549;23;1
22549;17;1
200391;26;1
200391;27;1
200391;28;1
200391;29;1
511099;46;1
511099;34;1
511099;36;1
511099;38;1
511099;40;1
511099;42;1
511099;44;1
51848;36;1
51848;38;1
51848;40;1
51848;44;1
51848;34;1
680477;22;1
680477;23;1
680477;24;1
687314;36;1
687314;38;1
687314;40;1
687314;46;1
637495;22;1
637495;17;1
887910;17;1
887910;18;1
887910;19;1
887910;20;1
887910;21;1
887910;16;1
132367;42;1
132367;44;1
132367;32;1
132367;34;1
132367;36;1
132367;38;1
132367;40;1
367879;20;1
367879;21;1
367879;22;1
367879;76;1
367879;17;1
367879;18;1
367879;19;1
519867;36;1
519867;38;1
519867;40;1
519867;42;1
519867;44;1
519867;32;1
519867;34;1
594992;22;1
594992;76;1
594992;17;1
594992;18;1
594992;19;1
594992;20;1
594992;21;1
565567;19;1
565567;20;1
565567;21;1
565567;72;1
565567;76;1
565567;17;1
565567;18;1
430693;42;1
430693;44;1
430693;46;1
430693;34;1
430693;36;1
430693;38;1
430693;40;1
800853;76;1
800853;17;1
800853;18;1
800853;19;1
800853;20;1
800853;21;1
800853;22;1
304864;34;1
304864;36;1
304864;38;1
304864;40;1
445421;58;1
445421;40;1
445421;42;1
445421;44;1
445421;56;1
616415;36;1
616415;38;1
616415;34;1
154293;20;1
154293;21;1
154293;22;1
154293;23;1
154293;17;1
154293;19;1
320374;42;1
320374;44;1
320374;34;1
320374;36;1
320374;38;1
320374;40;1
425156;34;1
425156;36;1
425156;38;1
425156;40;1
471630;80;1
471630;84;1
471630;17;1
471630;18;1
471630;19;1
471630;21;1
471630;76;1
505234;17;1
505234;18;1
505234;19;1
505234;20;1
505234;21;1
505234;22;1
635014;34;1
635014;36;1
635014;38;1
635014;40;1
635014;42;1
635014;44;1
635014;32;1
652380;32;1
652380;34;1
652380;36;1
652380;38;1
652380;40;1
849146;34;1
849146;36;1
849146;40;1
889279;34;1
889279;38;1
889279;40;1
889279;42;1
889279;32;1
593599;20;1
593599;21;1
593599;22;1
593599;80;1
593599;88;1
593599;18;1
593599;19;1
9205;20;1
9205;21;1
9205;22;1
9205;23;1
9205;17;1
9205;18;1
519306;42;1
519306;44;1
519306;32;1
519306;34;1
519306;36;1
519306;38;1
519306;40;1
559008;36;1
559008;38;1
559008;40;1
559008;42;1
559008;44;1
559008;46;1
559008;34;1
595748;44;1
595748;46;1
595748;34;1
595748;36;1
595748;38;1
595748;40;1
648149;34;1
648149;36;1
85571;34;1
85571;40;1
4273;36;1
4273;38;1
4273;40;1
4273;42;1
4273;44;1
4273;46;1
13551;34;1
18459;44;1
18459;46;1
362311;38;1
42147;17;1
42147;18;1
509423;17;1
509423;18;1
509423;19;1
509423;20;1
519698;38;1
519698;40;1
519698;34;1
519933;16;1
519933;17;1
519933;76;1
52726;34;1
52726;36;1
52726;38;1
543624;19;1
543624;76;1
543624;80;1
543624;84;1
543624;17;1
545537;40;1
711098;34;1
711098;36;1
711098;38;1
712431;17;1
712431;18;1
712431;19;1
821723;80;1
816757;18;1
816757;76;1
816757;80;1
816757;17;1
822305;38;1
853130;34;1
853130;36;1
853130;38;1
853130;32;1
658341;19;1
658341;20;1
658341;76;1
658341;80;1
658341;84;1
658341;17;1
658341;18;1
883290;44;1
883290;46;1
883290;48;1
883290;50;1
883290;58;1
883290;40;1
883290;42;1
441057;32;1
441057;34;1
537380;36;1
537380;38;1
537380;42;1
537380;34;1
17686;42;1
17686;36;1
17686;38;1
17686;40;1
30086;34;1
34556;44;1
34556;42;1
36932;38;1
36932;40;1
45470;34;1
45470;40;1
571657;40;1
571657;42;1
571657;44;1
571657;38;1
78394;34;1
80689;44;1
80689;34;1
80689;36;1
80689;38;1
80689;40;1
80689;42;1
807463;42;1
807463;44;1
807463;46;1
807463;52;1
446878;38;1
446878;40;1
446878;42;1
446878;44;1
446878;32;1
446878;36;1
6663;38;1
6663;40;1
6663;34;1
6663;36;1
108465;36;1
108465;38;1
108465;40;1
108465;42;1
108465;44;1
108465;34;1
683341;50;1
683341;52;1
683341;40;1
683341;42;1
683341;44;1
683341;46;1
683341;48;1
791117;40;1
791117;42;1
791117;44;1
791117;46;1
791117;48;1
760144;36;1
760144;38;1
760144;40;1
760144;42;1
760144;44;1
760144;32;1
760144;34;1
23755;38;1
23755;34;1
23755;36;1
50777;34;1
50777;38;1
50777;40;1
50777;42;1
138927;40;1
138927;34;1
138927;36;1
138927;38;1
15192;46;1
15192;34;1
15192;36;1
15192;38;1
15192;40;1
15192;42;1
15192;44;1
186890;40;1
27065;46;1
27065;42;1
27065;44;1
395154;38;1
6940;42;1
6940;34;1
6940;36;1
6940;38;1
6940;40;1
850753;34;1
850753;36;1
850753;38;1
587986;40;1
587986;42;1
587986;44;1
587986;46;1
587986;36;1
16470;46;1
16470;36;1
16470;38;1
16470;40;1
16470;42;1
52341;38;1
52341;44;1
49386;36;1
49386;38;1
49386;40;1
29297;34;1
29297;36;1
445674;40;1
445674;44;1
445674;46;1
4235;36;1
4235;38;1
4235;40;1
4235;42;1
4235;44;1
4235;46;1
116947;48;1
189565;44/46;1
21051;46;1
49487;38;1
680289;40;1
8503;34;1
8503;44;1
486196;34;1
70218;40;1
898166;32;1
898166;38;1
148958;36;1
193613;38;1
199429;40;1
21388;40;1
21388;44;1
21388;46;1
42019;40;1
42019;38;1
222913;40;1
222913;42;1
222913;44;1
222913;46;1
222913;48;1
222913;50;1
481983;36/38;1
481983;40/42;1
28750;44;1
28750;36;1
28750;38;1
28750;40;1
32326;36;1
32326;38;1
32326;40;1
32326;42;1
32326;44;1
124297;36;1
124297;38;1
124297;34;1
17151;38;1
17151;40;1
17151;42;1
17151;44;1
17151;46;1
17151;34;1
17151;36;1
23463;40;1
23463;42;1
23463;44;1
23463;46;1
23463;34;1
395302;38;1
395302;40;1
395302;44;1
43361;38;1
43361;40;1
43361;42;1
43361;34;1
43361;36;1
9138;40;1
9138;42;1
9138;44;1
9138;46;1
9138;34;1
449643;42;1
449643;44;1
449643;46;1
449643;48;1
449643;50;1
449643;52;1
452302;46;1
452302;48;1
452302;50;1
452302;52;1
452302;40;1
452302;42;1
452302;44;1
437177;52;1
437177;40;1
437177;42;1
437177;44;1
437177;46;1
437177;48;1
437177;50;1
9447;40;1
67251;40;1
67251;44;1
67251;36;1
67251;38;1
7818;34;1
7818;38;1
7818;40;1
8413;38;1
8413;40;1
8413;42;1
85465;44;1
85465;46;1
85465;34;1
85465;36;1
85465;40;1
85465;42;1
102413;36;1
102413;38;1
102413;40;1
102413;42;1
102413;34;1
11557;34;1
11557;36;1
11557;38;1
11557;40;1
11557;42;1
11557;44;1
393640;40;1
393640;44;1
393640;32;1
393640;38;1
447075;34;1
447075;36;1
447075;38;1
447075;40;1
447075;42;1
94673;40;1
94673;42;1
94673;44;1
94673;34;1
94673;36;1
94673;38;1
24811;40;1
24811;44;1
24811;34;1
5243;36;1
5243;38;1
5243;40;1
5243;42;1
5243;44;1
497252;44/46;1
497879;42;1
497879;44;1
497879;34;1
497879;36;1
497879;38;1
497879;40;1
826307;44;1
826307;54;1
826307;56;1
826307;40;1
826307;42;1
127872;36;1
105935;40;1
105935;42;1
105935;38;1
152012;42;1
152012;44;1
599065;34;1
599065;36;1
78219;34;1
78219;36;1
78219;44;1
2511;18;1
2511;19;1
2511;20;1
2511;21;1
2511;22;1
2511;23;1
28467;34;1
28467;36;1
623525;38;1
623525;46;1
623525;32;1
623525;34;1
623525;36;1
694796;34;1
845913;40;1
845913;42;1
845913;44;1
845913;46;1
8439;19;1
8439;20;1
8439;21;1
8439;22;1
8439;23;1
8439;17;1
8439;18;1
132309;34;1
132309;36;1
132309;38;1
132309;40;1
17033;18;1
183767;34;1
183767;36;1
183767;38;1
183767;40;1
214674;36;1
214674;34;1
409740;32;1
409740;34;1
409740;36;1
409740;38;1
470109;72;1
573398;32;1
573398;36;1
60914;42;1
60914;46;1
60914;34;1
60914;40;1
6458;38;1
6458;40;1
6458;44;1
6458;36;1
679652;34;1
679652;48;1
679652;32;1
72442;17;1
72442;18;1
72442;20;1
72442;21;1
72442;23;1
813883;46;1
813883;36;1
813883;40;1
813883;42;1
848644;18;1
848644;19;1
848644;20;1
85275;19;1
85275;21;1
878416;36;1
878416;38;1
878416;40;1
878416;42;1
878416;44;1
878416;32;1
8192;34;1
8192;36;1
111115;18;1
111115;19;1
111115;20;1
111115;21;1
111115;22;1
111115;23;1
592266;38;1
592266;42;1
592266;44;1
592266;46;1
444775;34;1
444775;36;1
444775;38;1
468036;34;1
468036;46;1
566144;36;1
566144;38;1
566144;40;1
566144;34;1
611602;80;1
611602;84;1
611602;88;1
611602;72;1
199157;20;1
199157;18;1
199157;19;1
748718;36;1
748718;38;1
748718;42;1
748718;44;1
13058;34;1
13058;36;1
25529;19;1
6711;40;1
6711;38;1
687742;18;1
874746;32;1
4287;18;1
4287;22;1
4287;23;1
468116;20;1
468116;21;1
468116;16;1
880960;32;1
880960;34;1
139148;40;1
139148;42;1
14367;38;1
14367;34;1
24298;21;1
24298;23;1
24298;20;1
594058;21;1
594058;22;1
594058;88;1
594058;18;1
594058;19;1
594058;20;1
4544;17;1
4544;18;1
4544;19;1
4544;20;1
4544;21;1
4544;23;1
6412;38;1
6412;40;1
6412;42;1
6412;44;1
6412;46;1
6412;34;1
6412;36;1
24023;21;1
380000;34;1
4064;;1
446898;96;1
676478;40;1
755770;34;1
846052;38;1
846086;18;1
870456;;1
164450;20;1
164450;21;1
164450;22;1
164450;23;1
164450;17;1
164450;18;1
164450;19;1
204836;42;1
204836;44;1
204836;46;1
204836;38;1
204836;40;1
306972;48;1
306972;50;1
306972;52;1
306972;40;1
306972;42;1
306972;44;1
306972;46;1
306977;48;1
306977;50;1
306977;52;1
306977;40;1
306977;42;1
306977;44;1
306977;46;1
306983;24;1
306983;25;1
306983;88;1
306983;92;1
306983;21;1
306983;22;1
306983;23;1
306990;88;1
306990;92;1
306990;21;1
306990;22;1
306990;23;1
306990;24;1
306990;25;1
307012;46;1
307012;48;1
307012;50;1
307012;52;1
307012;40;1
307012;42;1
307012;44;1
307023;88;1
307023;92;1
307023;21;1
307023;22;1
307023;23;1
307023;24;1
307023;25;1
307024;25;1
307024;88;1
307024;92;1
307024;21;1
307024;22;1
307024;23;1
307024;24;1
307590;42;1
307590;44;1
307590;46;1
307590;48;1
307590;50;1
307590;52;1
307590;40;1
307602;23;1
307602;25;1
307602;88;1
307602;92;1
307602;96;1
307602;21;1
307602;22;1
307684;88;1
307684;92;1
307684;21;1
307684;22;1
307684;23;1
307684;24;1
307684;25;1
455901;92;1
455901;21;1
455901;22;1
455901;23;1
455901;24;1
455901;25;1
455901;88;1
464515;24;1
464515;25;1
464515;88;1
464515;92;1
464515;21;1
464515;22;1
464515;23;1
562734;46;1
562734;48;1
562734;50;1
562734;52;1
562734;40;1
562734;42;1
562734;44;1
169814;;1
188399;34;1
190834;;1
41126;38;1
41126;40;1
456445;44;1
46336;38;1
46336;40;1
663938;42;1
663938;46;1
71101;19;1
470087;32;1
509202;44;1
72621;34;1
738576;40;1
7674;40;1
80565;23;1
815710;46;1
815710;38;1
84966;36;1
4096;20;1
4096;21;1
204885;40;1
204885;42;1
204885;44;1
204885;34;1
204885;36;1
204885;38;1
45353;21;1
45353;22;1
45353;23;1
45353;17;1
45353;18;1
45353;19;1
45353;20;1
547980;19;1
547980;20;1
547980;21;1
547980;72;1
547980;76;1
547980;17;1
547980;18;1
62739;38;1
62739;40;1
62739;42;1
62739;44;1
62739;46;1
62739;34;1
674638;44;1
674638;38;1
674638;42;1
257849;46;1
257849;48;1
257849;52;1
257849;54;1
257849;56;1
257849;42;1
257849;44;1
856737;25;1
856737;88;1
856737;92;1
856737;100;1
856737;104;1
856737;24;1
417666;26;1
417666;32;1
521947;36;1
521947;40;1
521947;42;1
78333;17;1
78333;20;1
78333;21;1
78333;23;1
16660;44;1
16660;46;1
16660;34;1
16660;36;1
16660;38;1
16660;40;1
16660;42;1
155522;42;1
155522;44;1
155522;34;1
155522;36;1
155522;38;1
17408;40;1
17408;42;1
17408;34;1
17408;36;1
17408;38;1
45602;42;1
45602;34;1
45602;36;1
45602;38;1
45602;40;1
681876;46;1
681876;40;1
681876;42;1
140478;16;1
38726;18;1
678321;38;1
78796;34;1
99399;17;1
99399;18;1
151752;38;1
151752;40;1
151752;42;1
151752;44;1
151752;46;1
151752;34;1
151752;36;1
511224;16;1
592298;19;1
592298;20;1
899982;88;1
6245;40;1
6245;42;1
6245;44;1
6245;46;1
6245;34;1
6245;36;1
6245;38;1
306510;42;1
306510;46;1
306510;50;1
31703;46;1
31703;34;1
31703;36;1
31703;38;1
31703;40;1
31703;42;1
31703;44;1
37662;42;1
37662;44;1
37662;46;1
37662;34;1
37662;36;1
37662;38;1
37662;40;1
464717;42;1
464717;44;1
464717;46;1
464717;34;1
464717;38;1
464717;40;1
60222;36;1
60222;38;1
60222;40;1
60222;42;1
60222;46;1
60222;34;1
62991;40;1
62991;42;1
62991;44;1
62991;46;1
62991;34;1
62991;36;1
62991;38;1
631889;44;1
631889;46;1
631889;40;1
631889;42;1
8770;38;1
8770;40;1
8770;42;1
8770;44;1
8770;46;1
8770;34;1
8770;36;1
469850;24;1
469850;25;1
469850;88;1
469850;92;1
469850;21;1
469850;22;1
469850;23;1
306065;38;1
306065;40;1
306065;42;1
306065;32;1
306065;34;1
306065;36;1
469936;88;1
469936;92;1
469936;21;1
469936;22;1
469936;23;1
469936;24;1
469936;25;1
51057;20;1
51057;21;1
51057;22;1
51057;23;1
51057;17;1
51057;18;1
51057;19;1
562576;36;1
562576;38;1
562576;40;1
562576;42;1
562576;44;1
562576;34;1
584187;76;1
584187;17;1
584187;18;1
584187;19;1
584187;20;1
584187;21;1
584187;72;1
813862;46;1
813862;48;1
813862;50;1
813862;52;1
813862;40;1
813862;42;1
813862;44;1
886660;22;1
886660;23;1
886660;24;1
886660;25;1
886660;88;1
886660;92;1
886660;21;1
519873;34;1
519873;36;1
519873;38;1
519873;40;1
519873;42;1
519873;44;1
519873;32;1
577893;20;1
577893;21;1
577893;22;1
577893;23;1
577893;17;1
577893;18;1
577893;19;1
681984;76;1
681984;17;1
681984;18;1
681984;19;1
681984;20;1
681984;21;1
681984;72;1
269520;40;1
269520;42;1
269520;44;1
269520;32;1
269520;34;1
269520;36;1
269520;38;1
70389;38;1
70389;40;1
70389;42;1
70389;44;1
70389;46;1
70389;34;1
70389;36;1
446942;20;1
446942;21;1
446942;72;1
446942;76;1
446942;17;1
446942;18;1
446942;19;1
678686;38;1
678686;40;1
678686;42;1
678686;44;1
678686;32;1
678686;34;1
678686;36;1
2448;34;1
2448;36;1
2448;38;1
76862;36;1
76862;38;1
76862;44;1
127073;23;1
127073;17;1
127073;18;1
127073;19;1
127073;20;1
159966;36;1
159966;38;1
159966;42;1
159966;46;1
159966;34;1
395218;40;1
395218;42;1
395218;44;1
74551;42;1
74551;44;1
74551;46;1
758225;26;1
758225;27;1
758225;28;1
758225;29;1
84278;36;1
84278;34;1
93952;19;1
93952;20;1
93952;21;1
93952;22;1
114555;38;1
114555;40;1
114555;42;1
114555;44;1
114555;34;1
114555;36;1
124140;38;1
124140;40;1
124140;42;1
124140;44;1
124140;46;1
124140;34;1
124140;36;1
877629;42;1
110197;34;1
16978;34;1
16978;36;1
16978;38;1
16978;40;1
16978;42;1
2651;40;1
2651;42;1
2651;44;1
2651;34;1
2651;36;1
2651;38;1
307550;54;1
307550;42;1
307550;44;1
307550;48;1
307550;50;1
307550;52;1
34810;18;1
34810;19;1
34810;20;1
34810;21;1
34810;22;1
34810;23;1
34810;17;1
3885;38;1
3885;40;1
3885;42;1
3885;44;1
3885;46;1
3885;34;1
3885;36;1
40365;36;1
40365;38;1
40365;40;1
40365;42;1
40365;44;1
40365;46;1
40365;34;1
419225;29;1
419225;30;1
419225;31;1
419225;32;1
419225;26;1
419225;27;1
419225;28;1
470424;34;1
548047;44;1
548047;46;1
548047;48;1
548047;50;1
548047;52;1
548047;54;1
548047;42;1
625112;88;1
625112;92;1
625112;96;1
625112;72;1
625112;76;1
625112;80;1
625112;84;1
6399;46;1
6399;34;1
6399;36;1
6399;38;1
6399;40;1
6399;42;1
6399;44;1
545484;36;1
545484;38;1
545484;42;1
545484;34;1
645850;42;1
645850;44;1
645850;34;1
645850;36;1
645850;38;1
645850;40;1
683964;34;1
683964;36;1
683964;38;1
683964;40;1
683964;42;1
683964;44;1
683964;32;1
702820;36;1
702820;44;1
702820;46;1
702820;34;1
7866;34;1
7866;36;1
7866;38;1
7866;40;1
7866;42;1
79623;40;1
79623;42;1
79623;44;1
79623;46;1
79623;34;1
79623;36;1
79623;38;1
839871;40;1
839871;46;1
839871;48;1
839871;50;1
839871;54;1
848335;18;1
848335;19;1
848335;20;1
848335;21;1
848335;22;1
848335;76;1
848335;17;1
885793;38;1
885793;40;1
885793;42;1
885793;44;1
885793;32;1
885793;34;1
885793;36;1
94323;22;1
94323;23;1
94323;17;1
94323;18;1
94323;19;1
94323;20;1
94323;21;1
26200;40;1
26200;42;1
26200;44;1
26200;34;1
26200;36;1
26200;38;1
68403;44;1
68403;46;1
68403;34;1
68403;36;1
68403;38;1
68403;40;1
68403;42;1
70691;46;1
70691;34;1
70691;36;1
70691;38;1
70691;40;1
70691;42;1
70691;44;1
8567;19;1
8567;20;1
8567;21;1
8567;22;1
8567;23;1
8567;17;1
8567;18;1
26982;36;1
26982;38;1
26982;40;1
26982;42;1
26982;44;1
26982;46;1
26982;34;1
467275;46;1
467275;48;1
467275;50;1
467275;52;1
467275;54;1
467275;56;1
467275;44;1
191323;21;1
191323;22;1
191323;23;1
191323;17;1
191323;18;1
191323;19;1
191323;20;1
197222;42;1
197222;44;1
197222;46;1
197222;34;1
197222;36;1
197222;38;1
197222;40;1
505167;38;1
505167;40;1
505167;42;1
505167;44;1
505167;32;1
505167;34;1
505167;36;1
651139;72;1
651139;16;1
651139;17;1
651139;18;1
651139;19;1
651139;20;1
651139;21;1
700956;44;1
700956;32;1
700956;34;1
700956;36;1
700956;38;1
700956;40;1
700956;42;1
7181;19;1
7181;20;1
7181;21;1
7181;22;1
7181;23;1
7181;17;1
7181;18;1
446902;34;1
446902;38;1
446902;40;1
446902;42;1
446902;44;1
446902;32;1
5664;19;1
5664;20;1
5664;21;1
5664;22;1
5664;23;1
5664;17;1
5664;18;1
68820;22;1
68820;23;1
68820;17;1
68820;18;1
68820;19;1
68820;20;1
68820;21;1
7130;46;1
7130;34;1
7130;36;1
7130;38;1
7130;40;1
7130;42;1
7130;44;1
589676;32;1
589676;34;1
589676;36;1
589676;38;1
589676;40;1
589676;42;1
589676;44;1
677337;42;1
677337;44;1
677337;32;1
677337;34;1
677337;36;1
677337;38;1
677337;40;1
783592;40;1
783592;42;1
783592;34;1
783592;38;1
2297;20;1
2297;21;1
2297;22;1
2297;23;1
2297;17;1
2297;18;1
267364;38;1
27807;38;1
27807;42;1
27807;44;1
393721;34;1
393721;36;1
44370;40;1
44370;36;1
44370;38;1
5162;46;1
5162;34;1
5162;42;1
5162;44;1
60493;42;1
60493;44;1
60493;46;1
60493;36;1
60493;40;1
7480;18;1
8184;17;1
8184;19;1
8184;22;1
88179;34;1
88179;36;1
88179;38;1
9516;34;1
9516;40;1
9516;44;1
9516;46;1
95221;36;1
95221;38;1
96044;38;1
96044;40;1
96044;42;1
96044;44;1
96044;46;1
96044;36;1
98999;42;1
98999;34;1
98999;36;1
98999;38;1
11380;40;1
11380;42;1
11380;44;1
11380;38;1
192705;38;1
192705;40;1
192705;42;1
192705;44;1
192705;34;1
192705;36;1
21885;18;1
21885;19;1
21885;20;1
21885;21;1
21885;22;1
21885;23;1
21885;17;1
2806;19;1
2806;20;1
2806;21;1
2806;22;1
2806;23;1
2806;17;1
2806;18;1
389161;36;1
389161;34;1
393485;34;1
393485;42;1
393485;44;1
44363;38;1
44363;40;1
44363;36;1
4934;38;1
4934;40;1
4934;42;1
677390;38;1
677390;34;1
677390;36;1
77336;34;1
77336;36;1
77336;38;1
77336;40;1
77336;42;1
77336;44;1
77506;34;1
77506;36;1
77506;38;1
77506;40;1
77506;44;1
808589;34;1
808589;38;1
808589;46;1
80864;22;1
80864;23;1
80864;17;1
80864;18;1
80864;19;1
80864;20;1
80864;21;1
93908;42;1
93908;44;1
93908;46;1
93908;34;1
93908;36;1
93908;38;1
93908;40;1
227076;48;1
227076;50;1
227076;52;1
227076;40;1
227076;42;1
227076;44;1
227076;46;1
28276;38;1
28276;40;1
28276;34;1
28276;36;1
34575;42;1
34575;44;1
34575;46;1
34575;34;1
34575;36;1
34575;38;1
34575;40;1
6250;36;1
6250;38;1
6250;40;1
69158;18;1
69158;19;1
69158;20;1
69158;21;1
69158;22;1
69158;23;1
69158;17;1
81353;36;1
81353;38;1
81353;44;1
81353;34;1
101753;34;1
101753;38;1
101753;40;1
101753;42;1
101753;46;1
102476;21;1
102476;22;1
102476;23;1
102476;17;1
102476;18;1
102476;19;1
102476;20;1
105950;18;1
105950;19;1
105950;20;1
105950;21;1
105950;22;1
105950;23;1
56301;38;1
56301;40;1
56301;42;1
56301;44;1
56301;46;1
56301;34;1
56301;36;1
30713;44;1
30713;46;1
30713;34;1
30713;36;1
30713;38;1
30713;40;1
30713;42;1
81418;17;1
81418;18;1
81418;19;1
81418;20;1
81418;21;1
81418;22;1
178370;34;1
2707;19;1
2707;21;1
4893;34;1
4893;36;1
4893;38;1
4893;40;1
60174;44;1
60174;42;1
732940;56;1
732940;42;1
732940;46;1
733147;23;1
733147;24;1
733147;25;1
733147;92;1
733147;100;1
779809;34;1
819318;42;1
819318;46;1
864005;32;1
864005;34;1
100947;20;1
100947;22;1
100947;17;1
100947;19;1
119690;23;1
119690;19;1
119690;20;1
119690;21;1
119690;22;1
122709;22;1
122709;23;1
122709;19;1
122709;20;1
122709;21;1
176384;46;1
176384;56;1
176384;58;1
176384;40;1
176384;42;1
176384;44;1
188711;40;1
188711;44;1
188711;46;1
188711;34;1
20068;44;1
20068;46;1
20068;34;1
20068;36;1
20068;38;1
20068;40;1
20068;42;1
20347;40;1
20347;34;1
20347;36;1
20347;38;1
23223;36;1
23223;38;1
23223;40;1
23223;42;1
23223;44;1
23223;46;1
23223;34;1
33006;36;1
33006;38;1
33006;40;1
33006;42;1
34733;18;1
34733;19;1
36259;44;1
36259;46;1
36259;34;1
36259;36;1
36259;38;1
36259;40;1
36259;42;1
519960;44;1
519960;46;1
519960;34;1
519960;36;1
519960;38;1
519960;40;1
519960;42;1
56463;40;1
56463;42;1
56463;44;1
56463;34;1
56463;38;1
56706;18;1
56706;19;1
56706;21;1
61061;38;1
61061;34;1
61061;36;1
684676;34;1
684676;42;1
684676;44;1
684676;46;1
74854;21;1
74854;22;1
74854;23;1
74854;17;1
74854;18;1
74854;19;1
74854;20;1
80423;34;1
80423;46;1
80518;34;1
80518;36;1
848529;36;1
848529;46;1
848529;34;1
87620;40;1
87620;42;1
87620;46;1
87620;34;1
87620;36;1
87620;38;1
878888;17;1
878888;18;1
878888;20;1
878888;21;1
882504;18;1
888998;40;1
888998;42;1
888998;44;1
888998;34;1
888998;36;1
888998;38;1
68931;40;1
68931;42;1
68931;44;1
68931;46;1
68931;34;1
68931;36;1
68931;38;1
96197;36/38;1
96197;40/42;1
3524;75;1
3524;80;1
371971;75;1
371971;80;1
115457;85;1
115457;75;1
149176;75;1
149176;80;1
19662;80;1
19662;75;1
21380;80;1
21380;75;1
526878;XL;1
526878;XXL;1
531718;XS;1
531718;XL;1
531718;XXL;1
9003;75;1
151609;85;1
151609;90;1
151609;75;1
151609;80;1
50855;80;1
50855;85;1
50855;75;1
70347;75;1
70347;80;1
70347;85;1
111181;75;1
111181;80;1
119036;75;1
119036;80;1
119036;70;1
158950;85;1
158950;75;1
158950;80;1
117505;75;1
117505;80;1
117505;85;1
192097;80;1
192097;85;1
192097;75;1
371998;75;1
371998;80;1
457505;85;1
457505;90;1
457505;95;1
457505;100;1
457505;75;1
114787;80;1
117307;75;1
185184;75;1
20710;85;1
4195;34;1
115106;75;1
115106;80;1
115106;85;1
115332;80;1
115332;75;1
117983;80;1
117983;75;1
100107;70;1
100107;75;1
100107;80;1
150074;80;1
150074;85;1
150074;75;1
164054;80;1
164054;70;1
164054;75;1
180734;80;1
180734;85;1
197246;75;1
197246;85;1
371396;75;1
548205;75;1
152749;85;1
454588;48/50;1
531241;70;1
531241;75;1
531241;80;1
6464;44;1
742223;M;1
800520;80;1
800520;75;1
571122;75;1
805976;80;1
805976;90;1
805976;70;1
805976;75;1
155716;75;1
155716;80;1
155716;85;1
460601;80;1
460601;75;1
310673;70;1
444971;70;1
437567;75;1
709812;70;1
709812;75;1
709812;80;1
839247;70;1
30057;XL;1
4178;S;1
418909;70;1
643081;80;1
860050;75;1
8880;44;1
895665;80;1
98512;80;1
532396;70;1
283651;40/42;1
283651;32/34;1
283651;36/38;1
444435;85;1
444435;90;1
444435;95;1
444435;100;1
444435;105;1
444435;110;1
460058;80;1
502913;75;1
540398;75;1
566653;75;1
566653;90;1
571756;;1
587878;75;1
587878;80;1
637720;80;1
655863;70;1
717247;95;1
880544;70;1
674182;70;1
11288;34;1
11288;36/38;1
11288;40/42;1
11288;44/46;1
146153;38;1
146153;40;1
146153;42;1
146153;44;1
146153;46;1
146153;36;1
146247;38;1
146247;40;1
146247;44;1
146247;34;1
146247;36;1
150229;36/38;1
150229;40/42;1
169360;38;1
169360;40;1
169360;42;1
169360;44;1
169360;46;1
169360;34;1
169360;36;1
20287;36/38;1
20287;40/42;1
21394;36/38;1
21394;40/42;1
736777;40/42;1
736777;48;1
736777;32/34;1
736777;36/38;1
741810;52;1
741810;32/34;1
741810;36/38;1
741810;44/46;1
135603;70;1
2331;70;1
709908;70;1
817127;75;1
837373;80;1
214771;56/58;1
118755;36/38;1
119226;36/38;1
19943;85;1
19943;75;1
19943;80;1
2244;S;1
2244;M;1
5991;S;1
5991;M;1
9879;38;1
9879;40;1
9879;44;1
7429;S;1
7429;M;1
7429;L;1
758871;32/34;1
758871;36/38;1
758871;40/42;1
78412;42;1
78412;34;1
78412;36;1
78412;38;1
78412;40;1
30467;38;1
30467;40;1
78539;40;1
78539;42;1
78539;34;1
78539;36;1
78539;38;1
9098;S;1
9098;M;1
9098;L;1
447946;75;1
117955;80;1
117955;85;1
117955;75;1
120260;36/38;1
21785;75;1
50702;75;1
50702;80;1
727113;56/58;1
800505;75;1
416096;70;1
894939;75;1
894958;75;1
9786;M;1
9786;L;1
28710;75;1
28710;80;1
28710;85;1
449670;36/38;1
449670;32/34;1
50969;36/38;1
50969;40/42;1
750357;70;1
296921;52;1
296921;54;1
296921;42;1
296921;44;1
296921;46;1
296921;48;1
34458;40;1
34458;42;1
34458;44;1
34458;46;1
34458;36;1
34458;38;1
27840;38;1
27840;34;1
27840;36;1
3497;34;1
700766;32;1
700766;34;1
700766;36;1
780194;40;1
780194;42;1
780194;44;1
780194;46;1
780194;38;1
746325;M;1
746325;L;1
746325;S;1
895258;36;1
895258;34;1
92094;38;1
92094;40;1
92094;42;1
92094;34;1
92094;36;1
19068;44;1
19068;34;1
19068;36;1
19068;38;1
19068;40;1
19068;42;1
63761;34;1
63761;36;1
63761;38;1
63761;40;1
663447;52;1
663447;44;1
663447;46;1
663447;48;1
663447;50;1
678460;34;1
678460;36;1
678460;38;1
3191;36;1
313476;34;1
313476;36;1
313476;38;1
313476;40;1
313476;42;1
313476;44;1
68119;36;1
68119;38;1
68119;40;1
68119;42;1
68119;34;1
74759;46;1
74759;34;1
74759;36;1
74759;38;1
74759;44;1
9806;40;1
9806;42;1
9806;34;1
9806;36;1
9806;38;1
10045;34;1
10045;36/38;1
10045;40/42;1
10045;44/46;1
4881;36;1
4881;38;1
4881;40;1
4881;42;1
4881;44;1
4881;46;1
4881;34;1
726043;46;1
726043;42;1
726043;44;1
4476;38;1
4476;36;1
513889;42;1
513889;46;1
513889;32;1
513889;34;1
62686;36;1
62686;38;1
62686;34;1
658557;36;1
96103;34;1
96103;36;1
96103;46;1
22728;38;1
22728;40;1
22728;42;1
85493;40;1
85493;34;1
85493;36;1
85493;38;1
29918;38;1
33000;36;1
33000;38;1
33000;40;1
33000;42;1
33000;44;1
33000;46;1
33000;34;1
521305;44;1
521305;32;1
521305;38;1
521305;40;1
86144;34;1
86144;36;1
345462;32;1
345462;34;1
288220;S;1
288220;M;1
288220;L;1
288220;XS;1
97787;34;1
3976;36;1
3976;34;1
490492;34;1
713386;34;1
713386;36;1
713386;42;1
483263;36;1
483263;38;1
475452;44;1
475452;46;1
475452;36;1
475452;38;1
475452;40;1
64682;36;1
64682;40;1
64682;42;1
64682;34;1
302995;38;1
302995;40;1
302995;42;1
302995;44;1
302995;46;1
302995;34;1
302995;36;1
539561;36;1
539561;42;1
539561;34;1
857680;M;1
68237;;1
823294;44;1
823294;42;1
267018;;1
358172;42;1
821961;44;1
846336;34;1
24392;34;1
262680;36;1
35337;34;1
428287;36;1
438466;36/38;1
57914;40;1
856830;34;1
442400;40;1
442400;50;1
442400;52;1
674549;L;1
310401;40;1
310401;42;1
310401;44;1
34125;40;1
34125;42;1
34125;44;1
34125;46;1
34125;38;1
138716;38/40;1
138716;42/44;1
138716;34/36;1
237260;48;1
237260;50;1
237260;52;1
237260;40;1
237260;42;1
237260;44;1
237260;46;1
293843;48;1
293843;50;1
293843;52;1
293843;40;1
293843;42;1
293843;44;1
293843;46;1
305955;52;1
305955;40;1
305955;42;1
305955;44;1
305955;46;1
305955;48;1
305955;50;1
415383;52;1
415383;40;1
415383;42;1
415383;44;1
415383;46;1
415383;48;1
415383;50;1
779897;48;1
779897;50;1
779897;52;1
779897;40;1
779897;42;1
779897;44;1
779897;46;1
9755;44;1
9755;46;1
9755;34;1
9755;36;1
9755;38;1
9755;40;1
9755;42;1
410874;36;1
410874;38;1
410874;40;1
410874;42;1
410874;44;1
471075;32;1
471075;34;1
471075;36;1
111322;46;1
111322;34;1
111322;36;1
111322;38;1
111322;40;1
111322;42;1
111322;44;1
123956;40;1
123956;42;1
123956;36;1
123956;38;1
133486;40;1
133486;42;1
133486;34;1
133486;36;1
133486;38;1
315419;40/42;1
315419;44;1
315419;32/34;1
315419;36/38;1
42819;38;1
42819;40;1
42819;42;1
42819;44;1
42819;46;1
42819;34;1
42819;36;1
9345;34;1
9345;36;1
9345;38;1
9345;40;1
9345;42;1
638974;34;1
161099;40/42;1
161099;32/34;1
161099;36/38;1
578581;48;1
578581;50;1
578581;52;1
578581;40;1
578581;42;1
578581;44;1
578581;46;1
735412;40;1
735412;42;1
735412;44;1
735412;46;1
735412;50;1
206338;38;1
206338;40;1
206338;42;1
206338;34;1
29554;46;1
29554;34;1
29554;36;1
29554;38;1
29554;40;1
29554;42;1
29554;44;1
263851;32;1
263851;38;1
263851;40;1
263851;42;1
371027;32;1
371027;34;1
371027;36;1
371027;38;1
44417;34;1
44417;36;1
44417;38;1
44417;40;1
446583;36;1
446583;38;1
446583;40;1
446583;42;1
692827;34;1
692827;38;1
71030;34;1
71030;36;1
71030;38;1
71030;40;1
7539;34;1
7539;36;1
7539;38;1
7539;40;1
7539;42;1
7539;44;1
754365;44/46;1
754365;48/50;1
763185;38;1
763185;40;1
763185;42;1
763185;32;1
763185;34;1
763185;36;1
800485;36/38;1
800485;40/42;1
800485;44/46;1
826617;46;1
826617;48;1
826617;54;1
826617;56;1
826617;40;1
826617;42;1
826617;44;1
850645;40;1
850645;42;1
850645;32;1
850645;36;1
850645;38;1
9892;38;1
9892;40;1
209372;40;1
209372;42;1
209372;44;1
209372;34;1
209372;36;1
209372;38;1
137864;40;1
137864;42;1
137864;34;1
137864;36;1
137864;38;1
VIP12;34;1
VIP12;36;1
VIP12;38;1
VIP12;40;1
VIP12;42;1
2841;38;1
2841;40;1
2841;42;1
2841;44;1
2841;36;1
368204;40/42;1
368204;32/34;1
368204;36/38;1
368964;36/38;1
368964;40/42;1
368964;32/34;1
19634;;1
808749;;1
719977;S;1
129407;36;1
129407;38;1
129407;40;1
129407;42;1
177053;42;1
177053;44;1
177053;46;1
57254;42;1
57254;34;1
57254;38;1
57254;40;1
106222;34;1
106222;36;1
106222;40;1
106222;42;1
106222;46;1
138941;34;1
138941;36;1
138941;38;1
138941;40;1
22545;34;1
22545;36;1
22545;38;1
22545;40;1
22545;42;1
495600;44/46;1
573949;40/42;1
573949;44/46;1
68490;40;1
68490;34;1
68490;36;1
68490;38;1
700707;32;1
700707;34;1
700707;36;1
700707;38;1
7336;34;1
7336;36;1
7336;38;1
868478;34;1
12068;44;1
12068;46;1
12068;34;1
12068;36;1
12068;38;1
12068;42;1
46654;38;1
46654;40;1
46654;34;1
46654;36;1
526138;32;1
530274;32/34;1
530274;36/38;1
530274;44/46;1
596972;40/42;1
596972;44/46;1
596972;36/38;1
624576;36;1
624576;38;1
624576;40;1
624576;42;1
52995;34;1
52995;36;1
52995;38;1
52995;42;1
8479;34;1
8479;36;1
369306;32/34;1
369306;36/38;1
570345;32/34;1
570345;36/38;1
741428;34;1
741428;36;1
741428;38;1
741428;40;1
630062;32;1
630062;34;1
630062;36;1
630062;38;1
15994;36;1
15994;38;1
15994;40;1
15994;42;1
15994;44;1
15994;46;1
15994;34;1
68357;42;1
68357;44;1
68357;46;1
68357;34;1
68357;36;1
68357;38;1
68357;40;1
79022;42;1
79022;44;1
79022;34;1
79022;36;1
79022;38;1
79022;40;1
828778;46;1
828778;34;1
828778;36;1
828778;38;1
828778;40;1
828778;42;1
828778;44;1
86916;36;1
86916;38;1
86916;40;1
86916;42;1
86916;44;1
86916;46;1
86916;34;1
11287;34;1
632044;42;1
183473;36;1
183473;38;1
183473;40;1
210971;44;1
210971;52;1
284990;36;1
80679;36;1
57018;36;1
57018;40;1
2450;36;1
2450;38;1
2450;40;1
64361;34;1
64361;36;1
64361;38;1
64361;40;1
64361;42;1
77466;34;1
77466;38;1
149826;34;1
149826;36;1
149826;38;1
149826;40;1
149826;42;1
15793;34;1
15793;44;1
15793;46;1
183750;42;1
183750;44;1
183750;46;1
183750;34;1
183750;36;1
183750;38;1
183750;40;1
20411;34;1
20411;36;1
20411;38;1
20411;40;1
33024;36;1
33024;38;1
33024;40;1
58230;36;1
58230;38;1
58230;42;1
58230;44;1
58230;46;1
5876;36;1
5876;38;1
5876;44;1
5876;34;1
59526;44;1
59526;36;1
59526;38;1
59526;40;1
59526;42;1
79725;38;1
79725;44;1
79725;34;1
79725;36;1
